"tf","primer","batch","cycle","accession"
"Alx1","TAAAGC20NCG","Z","1","ERR1535464"
"Alx1","TAAAGC20NCG","Z","2","ERR1535465"
"Alx1","TAAAGC20NCG","Z","3","ERR1535466"
"Alx1","TAAAGC20NCG","Z","4","ERR1535467"
"ALX3","TGCAAG20NGA","AE","1","ERR1535468"
"ALX3","TGCAAG20NGA","AE","2","ERR1535469"
"ALX3","TGCAAG20NGA","AE","3","ERR1535470"
"ALX3","TGCAAG20NGA","AE","4","ERR1535471"
"ALX3","TGTAAA20NAAG","Z","1","ERR1535472"
"ALX3","TGTAAA20NAAG","Z","2","ERR1535473"
"ALX3","TGTAAA20NAAG","Z","3","ERR1535474"
"ALX3","TGTAAA20NAAG","Z","4","ERR1535475"
"Alx4","TGGTAG20NCG","P","1","ERR1535476"
"Alx4","TGGTAG20NCG","P","2","ERR1535477"
"Alx4","TGGTAG20NCG","P","3","ERR1535478"
"Alx4","TGGTAG20NCG","P","4","ERR1535479"
"ALX4","TGTGTC20NGA","W","1","ERR1535480"
"ALX4","TGTGTC20NGA","W","2","ERR1535481"
"ALX4","TGTGTC20NGA","W","3","ERR1535482"
"ALX4","TGTGTC20NGA","W","4","ERR1535483"
"AR","TCTTCT20NCTG","AD","1","ERR1535484"
"AR","TCTTCT20NCTG","AD","2","ERR1535485"
"AR","TCTTCT20NCTG","AD","3","ERR1535486"
"AR","TCTTCT20NCTG","AD","4","ERR1535487"
"AR","TGCTCG20NGA","AF","1","ERR1535488"
"AR","TGCTCG20NGA","AF","2","ERR1535489"
"AR","TGCTCG20NGA","AF","3","ERR1535490"
"AR","TGCTCG20NGA","AF","4","ERR1535491"
"Ar","TCTAAT20NCG","P","1","ERR1535492"
"Ar","TCTAAT20NCG","P","2","ERR1535493"
"Ar","TCTAAT20NCG","P","3","ERR1535494"
"Ar","TCTAAT20NCG","P","4","ERR1535495"
"ARNTL","TCAAAA20NCG","W","1","ERR1535496"
"ARNTL","TCAAAA20NCG","W","2","ERR1535497"
"ARNTL","TCAAAA20NCG","W","3","ERR1535498"
"ARNTL","TCAAAA20NCG","W","4","ERR1535499"
"Arx","TCGCAT20NACT","AC","1","ERR1535500"
"Arx","TCGCAT20NACT","AC","2","ERR1535501"
"Arx","TCGCAT20NACT","AC","3","ERR1535502"
"Arx","TCGCAT20NACT","AC","4","ERR1535503"
"ARX","TGCGTT20NTGC","Z","1","ERR1535504"
"ARX","TGCGTT20NTGC","Z","2","ERR1535505"
"ARX","TGCGTT20NTGC","Z","3","ERR1535506"
"ARX","TGCGTT20NTGC","Z","4","ERR1535507"
"Ascl2","TAGGGC20NCG","Z","1","ERR1535508"
"Ascl2","TAGGGC20NCG","Z","2","ERR1535509"
"Ascl2","TAGGGC20NCG","Z","3","ERR1535510"
"Ascl2","TAGGGC20NCG","Z","4","ERR1535511"
"ATF4","TGGAAT20NGA","W","1","ERR1535512"
"ATF4","TGGAAT20NGA","W","2","ERR1535513"
"ATF4","TGGAAT20NGA","W","3","ERR1535514"
"ATF4","TGGAAT20NGA","W","4","ERR1535515"
"Atf4","TGCCGC20NGA","Z","1","ERR1535516"
"Atf4","TGCCGC20NGA","Z","2","ERR1535517"
"Atf4","TGCCGC20NGA","Z","3","ERR1535518"
"Atf4","TGCCGC20NGA","Z","4","ERR1535519"
"ATF7","TGGGCG30NCGT","AI","1","ERR1535520"
"ATF7","TGGGCG30NCGT","AI","2","ERR1535521"
"ATF7","TGGGCG30NCGT","AI","3","ERR1535522"
"ATF7","TGGGCG30NCGT","AI","4","ERR1535523"
"Atoh1","TAGTCC20NCTT","Z","1","ERR1535524"
"Atoh1","TAGTCC20NCTT","Z","2","ERR1535525"
"Atoh1","TAGTCC20NCTT","Z","3","ERR1535526"
"Atoh1","TAGTCC20NCTT","Z","4","ERR1535527"
"Barhl1","TCAGTC20NCG","AC","1","ERR1535528"
"Barhl1","TCAGTC20NCG","AC","2","ERR1535529"
"Barhl1","TCAGTC20NCG","AC","3","ERR1535530"
"Barhl1","TCAGTC20NCG","AC","4","ERR1535531"
"BARHL2","TATTGT20NGTG","AC","1","ERR1535532"
"BARHL2","TATTGT20NGTG","AC","2","ERR1535533"
"BARHL2","TATTGT20NGTG","AC","3","ERR1535534"
"BARHL2","TATTGT20NGTG","AC","4","ERR1535535"
"BARHL2","TCCAGT40NGAC","AI","1","ERR1535536"
"BARHL2","TCCAGT40NGAC","AI","2","ERR1535537"
"BARHL2","TCCAGT40NGAC","AI","3","ERR1535538"
"BARHL2","TCCAGT40NGAC","AI","4","ERR1535539"
"BARX1","TATTCG20NCTG","AC","1","ERR1535540"
"BARX1","TATTCG20NCTG","AC","2","ERR1535541"
"BARX1","TATTCG20NCTG","AC","3","ERR1535542"
"BARX1","TATTCG20NCTG","AC","4","ERR1535543"
"BATF3","TAAGAC20NAGA","AC","1","ERR1535544"
"BATF3","TAAGAC20NAGA","AC","2","ERR1535545"
"BATF3","TAAGAC20NAGA","AC","3","ERR1535546"
"BATF3","TAAGAC20NAGA","AC","4","ERR1535547"
"BCL6B","TGCGGG20NGA","AC","1","ERR1535548"
"BCL6B","TGCGGG20NGA","AC","2","ERR1535549"
"BCL6B","TGCGGG20NGA","AC","3","ERR1535550"
"BCL6B","TGCGGG20NGA","AC","4","ERR1535551"
"BHLHA15","TCCGTG20NCG","Y","1","ERR1535552"
"BHLHA15","TCCGTG20NCG","Y","2","ERR1535553"
"BHLHA15","TCCGTG20NCG","Y","3","ERR1535554"
"BHLHA15","TCCGTG20NCG","Y","4","ERR1535555"
"BHLHB2","TGGGAC20NGA","Y","1","ERR1535556"
"BHLHB2","TGGGAC20NGA","Y","2","ERR1535557"
"BHLHB2","TGGGAC20NGA","Y","4","ERR1535558"
"Bhlhb2","TAATTC20NCG","Z","1","ERR1535559"
"Bhlhb2","TAATTC20NCG","Z","2","ERR1535560"
"Bhlhb2","TAATTC20NCG","Z","3","ERR1535561"
"Bhlhb2","TAATTC20NCG","Z","4","ERR1535562"
"Bhlhb2","TCAAGG20NGAA","Z","1","ERR1535563"
"Bhlhb2","TCAAGG20NGAA","Z","2","ERR1535564"
"Bhlhb2","TCAAGG20NGAA","Z","3","ERR1535565"
"Bhlhb2","TCAAGG20NGAA","Z","4","ERR1535566"
"BHLHB3","TCAAAA20NCG","AD","1","ERR1535567"
"BHLHB3","TCAAAA20NCG","AD","2","ERR1535568"
"BHLHB3","TCAAAA20NCG","AD","3","ERR1535569"
"BHLHB3","TCAAAA20NCG","AD","4","ERR1535570"
"BHLHE22","TCTTGA20NGTG","Y","1","ERR1535571"
"BHLHE22","TCTTGA20NGTG","Y","2","ERR1535572"
"BHLHE22","TCTTGA20NGTG","Y","3","ERR1535573"
"BHLHE22","TCTTGA20NGTG","Y","4","ERR1535574"
"BHLHE23","TATATC20NCG","Y","1","ERR1535575"
"BHLHE23","TATATC20NCG","Y","2","ERR1535576"
"BHLHE23","TATATC20NCG","Y","3","ERR1535577"
"BHLHE23","TATATC20NCG","Y","4","ERR1535578"
"BHLHE41","TGTGCT20NCGG","AD","1","ERR1535579"
"BHLHE41","TGTGCT20NCGG","AD","2","ERR1535580"
"BHLHE41","TGTGCT20NCGG","AD","3","ERR1535581"
"BHLHE41","TGTGCT20NCGG","AD","4","ERR1535582"
"BSX","TATGAA20NCG","Y","1","ERR1535583"
"BSX","TATGAA20NCG","Y","2","ERR1535584"
"BSX","TATGAA20NCG","Y","3","ERR1535585"
"BSX","TATGAA20NCG","Y","4","ERR1535586"
"CART1","TGCGCC20NGA","Y","1","ERR1535587"
"CART1","TGCGCC20NGA","Y","2","ERR1535588"
"CART1","TGCGCC20NGA","Y","3","ERR1535589"
"CART1","TGCGCC20NGA","Y","4","ERR1535590"
"CDX1","TCAACC20NCAA","Y","1","ERR1535591"
"CDX1","TCAACC20NCAA","Y","2","ERR1535592"
"CDX1","TCAACC20NCAA","Y","3","ERR1535593"
"CDX1","TCAACC20NCAA","Y","4","ERR1535594"
"CDX2","TACTTG20NCG","Y","1","ERR1535595"
"CDX2","TACTTG20NCG","Y","2","ERR1535596"
"CDX2","TACTTG20NCG","Y","3","ERR1535597"
"CDX2","TACTTG20NCG","Y","4","ERR1535598"
"CEBPB","TCAACC20NCAA","W","1","ERR1535599"
"CEBPB","TCAACC20NCAA","W","2","ERR1535600"
"CEBPB","TCAACC20NCAA","W","3","ERR1535601"
"CEBPB","TCAACC20NCAA","W","4","ERR1535602"
"CEBPB","TGGACA20NGA","W","1","ERR1535603"
"CEBPB","TGGACA20NGA","W","2","ERR1535604"
"CEBPB","TGGACA20NGA","W","3","ERR1535605"
"CEBPB","TGGACA20NGA","W","4","ERR1535606"
"Cebpb","TCCTAA20NATC","Z","1","ERR1535607"
"Cebpb","TCCTAA20NATC","Z","2","ERR1535608"
"Cebpb","TCCTAA20NATC","Z","3","ERR1535609"
"Cebpb","TCCTAA20NATC","Z","4","ERR1535610"
"CEBPD","TAATGA20NCG","Y","1","ERR1535611"
"CEBPD","TAATGA20NCG","Y","2","ERR1535612"
"CEBPD","TAATGA20NCG","Y","3","ERR1535613"
"CEBPD","TAATGA20NCG","Y","4","ERR1535614"
"CEBPE","TGAGGC20NGA","W","1","ERR1535615"
"CEBPE","TGAGGC20NGA","W","2","ERR1535616"
"CEBPE","TGAGGC20NGA","W","3","ERR1535617"
"CEBPE","TGAGGC20NGA","W","4","ERR1535618"
"CEBPG","TAAAAT20NCG","AC","1","ERR1535619"
"CEBPG","TAAAAT20NCG","AC","2","ERR1535620"
"CEBPG","TAAAAT20NCG","AC","3","ERR1535621"
"CEBPG","TAAAAT20NCG","AC","4","ERR1535622"
"CEBPG","TAGACG20NTA","Q","1","ERR1535623"
"CEBPG","TAGACG20NTA","Q","2","ERR1535624"
"CEBPG","TAGACG20NTA","Q","3","ERR1535625"
"CEBPG","TAGACG20NTA","Q","4","ERR1535626"
"CENPB","TGCTGT20NGTC","AD","1","ERR1535627"
"CENPB","TGCTGT20NGTC","AD","2","ERR1535628"
"CENPB","TGCTGT20NGTC","AD","3","ERR1535629"
"CENPB","TGCTGT20NGTC","AD","4","ERR1535630"
"CLOCK","TGAGAT20NAGA","Z","1","ERR1535631"
"CLOCK","TGAGAT20NAGA","Z","2","ERR1535632"
"CLOCK","TGAGAT20NAGA","Z","3","ERR1535633"
"CLOCK","TGAGAT20NAGA","Z","4","ERR1535634"
"CPEB1","TAACCC20NCG","AC","1","ERR1535635"
"CPEB1","TAACCC20NCG","AC","2","ERR1535636"
"CPEB1","TAACCC20NCG","AC","3","ERR1535637"
"CPEB1","TAACCC20NCG","AC","4","ERR1535638"
"CREB3","TAGAAC20NCG","AD","1","ERR1535639"
"CREB3","TAGAAC20NCG","AD","2","ERR1535640"
"CREB3","TAGAAC20NCG","AD","3","ERR1535641"
"CREB3","TAGAAC20NCG","AD","4","ERR1535642"
"CREB3L1","TAGAGT20NCG","AD","1","ERR1535643"
"CREB3L1","TAGAGT20NCG","AD","2","ERR1535644"
"CREB3L1","TAGAGT20NCG","AD","3","ERR1535645"
"CREB3L1","TAGAGT20NCG","AD","4","ERR1535646"
"CREB3L1","TAAACA20NCAA","Y","1","ERR1535647"
"CREB3L1","TAAACA20NCAA","Y","2","ERR1535648"
"CREB3L1","TAAACA20NCAA","Y","3","ERR1535649"
"CREB3L1","TAAACA20NCAA","Y","4","ERR1535650"
"Creb3l2","TAACGG20NGCA","Z","1","ERR1535651"
"Creb3l2","TAACGG20NGCA","Z","2","ERR1535652"
"Creb3l2","TAACGG20NGCA","Z","3","ERR1535653"
"Creb3l2","TAACGG20NGCA","Z","4","ERR1535654"
"Creb5","TATCGC20NCG","Z","1","ERR1535655"
"Creb5","TATCGC20NCG","Z","2","ERR1535656"
"Creb5","TATCGC20NCG","Z","3","ERR1535657"
"Creb5","TATCGC20NCG","Z","4","ERR1535658"
"CUX1","TAGCAG40NACT","AI","1","ERR1535659"
"CUX1","TAGCAG40NACT","AI","2","ERR1535660"
"CUX1","TAGCAG40NACT","AI","3","ERR1535661"
"CUX1","TAGCAG40NACT","AI","4","ERR1535662"
"CUX2","TAGCCT40NCCT","AI","1","ERR1535663"
"CUX2","TAGCCT40NCCT","AI","2","ERR1535664"
"CUX2","TAGCCT40NCCT","AI","3","ERR1535665"
"CUX2","TAGCCT40NCCT","AI","4","ERR1535666"
"DBP","TGCGGG20NGGC","AE","1","ERR1535667"
"DBP","TGCGGG20NGGC","AE","2","ERR1535668"
"DBP","TGCGGG20NGGC","AE","3","ERR1535669"
"DBP","TGCGGG20NGGC","AE","4","ERR1535670"
"DBP","TAACTT20NCG","W","1","ERR1535671"
"DBP","TAACTT20NCG","W","2","ERR1535672"
"DBP","TAACTT20NCG","W","3","ERR1535673"
"DBP","TAACTT20NCG","W","4","ERR1535674"
"Dbp","TAAATG20NCG","Z","1","ERR1535675"
"Dbp","TAAATG20NCG","Z","2","ERR1535676"
"Dbp","TAAATG20NCG","Z","3","ERR1535677"
"Dbp","TAAATG20NCG","Z","4","ERR1535678"
"DLX1","TCTTGA20NGA","AC","1","ERR1535679"
"DLX1","TCTTGA20NGA","AC","2","ERR1535680"
"DLX1","TCTTGA20NGA","AC","3","ERR1535681"
"DLX1","TCTTGA20NGA","AC","4","ERR1535682"
"Dlx1","TGAGAT20NCG","P","1","ERR1535683"
"Dlx1","TGAGAT20NCG","P","2","ERR1535684"
"Dlx1","TGAGAT20NCG","P","3","ERR1535685"
"Dlx1","TGAGAT20NCG","P","4","ERR1535686"
"Dlx2","TCGCCA20NCCT","AA","1","ERR1535687"
"Dlx2","TCGCCA20NCCT","AA","2","ERR1535688"
"Dlx2","TCGCCA20NCCT","AA","3","ERR1535689"
"Dlx2","TCGCCA20NCCT","AA","4","ERR1535690"
"DLX2","TTCATG20NTA","AF","1","ERR1535691"
"DLX2","TTCATG20NTA","AF","2","ERR1535692"
"DLX2","TTCATG20NTA","AF","3","ERR1535693"
"DLX2","TTCATG20NTA","AF","4","ERR1535694"
"DLX3","TATGTT20NCG","Y","1","ERR1535695"
"DLX3","TATGTT20NCG","Y","2","ERR1535696"
"DLX3","TATGTT20NCG","Y","3","ERR1535697"
"DLX3","TATGTT20NCG","Y","4","ERR1535698"
"DLX4","TCTTCT20NGA","AC","1","ERR1535699"
"DLX4","TCTTCT20NGA","AC","2","ERR1535700"
"DLX4","TCTTCT20NGA","AC","3","ERR1535701"
"DLX4","TCTTCT20NGA","AC","4","ERR1535702"
"DLX5","AGGGC14N","S","1","ERR1535703"
"DLX5","AGGGC14N","S","2","ERR1535704"
"DLX5","AGGGC14N","S","3","ERR1535705"
"DLX5","AGGGC14N","S","4","ERR1535706"
"DLX6","TGCGGG20NGA","Y","1","ERR1535707"
"DLX6","TGCGGG20NGA","Y","2","ERR1535708"
"DLX6","TGCGGG20NGA","Y","3","ERR1535709"
"DLX6","TGCGGG20NGA","Y","4","ERR1535710"
"DMBX1","TAACCC20NCCA","AC","1","ERR1535711"
"DMBX1","TAACCC20NCCA","AC","2","ERR1535712"
"DMBX1","TAACCC20NCCA","AC","3","ERR1535713"
"DMBX1","TAACCC20NCCA","AC","4","ERR1535714"
"DPRX","TCGAAG30NAAT","AI","1","ERR1535715"
"DPRX","TCGAAG30NAAT","AI","2","ERR1535716"
"DPRX","TCGAAG30NAAT","AI","3","ERR1535717"
"DPRX","TCGAAG30NAAT","AI","4","ERR1535718"
"DRGX","TCCCTC20NCG","Y","2","ERR1535719"
"DRGX","TCCCTC20NCG","Y","3","ERR1535720"
"DRGX","TCCCTC20NCG","Y","4","ERR1535721"
"DUXA","TTCACA20NTA","AF","1","ERR1535722"
"DUXA","TTCACA20NTA","AF","2","ERR1535723"
"DUXA","TTCACA20NTA","AF","3","ERR1535724"
"DUXA","TTCACA20NTA","AF","4","ERR1535725"
"E2F1","CAATT14N","U","3","ERR1535726"
"E2F1","CAATT14N","U","4","ERR1535727"
"E2F2","TACTCA20NCG","W","1","ERR1536000"
"E2F2","TACTCA20NCG","W","2","ERR1536001"
"E2F2","TACTCA20NCG","W","3","ERR1536002"
"E2F2","TACTCA20NCG","W","4","ERR1536003"
"E2F3","TTACAT20NACA","AF","1","ERR1536004"
"E2F3","TTACAT20NACA","AF","2","ERR1536005"
"E2F3","TTACAT20NACA","AF","3","ERR1536006"
"E2F3","TTACAT20NACA","AF","4","ERR1536007"
"E2F4","AGCAG14N","U","1","ERR1536008"
"E2F4","AGCAG14N","U","2","ERR1536009"
"E2F4","AGCAG14N","U","3","ERR1536010"
"E2F4","AGCAG14N","U","4","ERR1536011"
"E2F7","TCACAC20NACA","Y","1","ERR1536012"
"E2F7","TCACAC20NACA","Y","2","ERR1536013"
"E2F7","TCACAC20NACA","Y","3","ERR1536014"
"E2F7","TCACAC20NACA","Y","4","ERR1536015"
"E2F8","GGCTT14N","U","1","ERR1536016"
"E2F8","GGCTT14N","U","2","ERR1536017"
"E2F8","GGCTT14N","U","3","ERR1536018"
"E2F8","GGCTT14N","U","4","ERR1536019"
"EBF1","TATAAG20NCG","AC","1","ERR1536020"
"EBF1","TATAAG20NCG","AC","2","ERR1536021"
"EBF1","TATAAG20NCG","AC","3","ERR1536022"
"EBF1","TATAAG20NCG","AC","4","ERR1536023"
"EGR1","TACTAT20NATC","AA","1","ERR1536024"
"EGR1","TACTAT20NATC","AA","2","ERR1536025"
"EGR1","TACTAT20NATC","AA","3","ERR1536026"
"EGR1","TACTAT20NATC","AA","4","ERR1536027"
"Egr1","TGCGCC20NCG","P","1","ERR1536028"
"Egr1","TGCGCC20NCG","P","2","ERR1536029"
"Egr1","TGCGCC20NCG","P","3","ERR1536030"
"Egr1","TGCGCC20NCG","P","4","ERR1536031"
"EGR1","TCTCTT20NGA","Y","1","ERR1536032"
"EGR1","TCTCTT20NGA","Y","2","ERR1536033"
"EGR1","TCTCTT20NGA","Y","3","ERR1536034"
"EGR1","TCTCTT20NGA","Y","4","ERR1536035"
"EGR2","TCATCA20NCTA","W","1","ERR1536036"
"EGR2","TCATCA20NCTA","W","2","ERR1536037"
"EGR2","TCATCA20NCTA","W","3","ERR1536038"
"EGR2","TCATCA20NCTA","W","4","ERR1536039"
"EGR2","TCGGCC20NGA","W","1","ERR1536040"
"EGR2","TCGGCC20NGA","W","2","ERR1536041"
"EGR2","TCGGCC20NGA","W","3","ERR1536042"
"EGR2","TCGGCC20NGA","W","4","ERR1536043"
"EGR3","TTAAGA20NGAA","AF","1","ERR1536044"
"EGR3","TTAAGA20NGAA","AF","2","ERR1536045"
"EGR3","TTAAGA20NGAA","AF","3","ERR1536046"
"EGR3","TTAAGA20NGAA","AF","4","ERR1536047"
"Egr3","TCATGC20NGTA","Z","1","ERR1536048"
"Egr3","TCATGC20NGTA","Z","2","ERR1536049"
"Egr3","TCATGC20NGTA","Z","3","ERR1536050"
"Egr3","TCATGC20NGTA","Z","4","ERR1536051"
"EGR4","TAGCGA40NGCT","AI","1","ERR1536052"
"EGR4","TAGCGA40NGCT","AI","2","ERR1536053"
"EGR4","TAGCGA40NGCT","AI","3","ERR1536054"
"EGR4","TAGCGA40NGCT","AI","4","ERR1536055"
"EGR4","TGCGCC20NCGC","Y","2","ERR1536056"
"EGR4","TGCGCC20NCGC","Y","3","ERR1536057"
"ELF1","TATGGG20NCG","W","1","ERR1536058"
"ELF1","TATGGG20NCG","W","2","ERR1536059"
"ELF1","TATGGG20NCG","W","3","ERR1536060"
"ELF1","TATGGG20NCG","W","4","ERR1536061"
"ELF3","TCCGTG20NTGC","Y","1","ERR1536062"
"ELF3","TCCGTG20NTGC","Y","2","ERR1536063"
"ELF3","TCCGTG20NTGC","Y","3","ERR1536064"
"ELF3","TCCGTG20NTGC","Y","4","ERR1536065"
"ELF5","TCTCGG20NGA","AF","1","ERR1536066"
"ELF5","TCTCGG20NGA","AF","2","ERR1536067"
"ELF5","TCTCGG20NGA","AF","3","ERR1536068"
"ELF5","TCTCGG20NGA","AF","4","ERR1536069"
"ELF5","TGCCGC20NCG","V","1","ERR1536070"
"ELF5","TGCCGC20NCG","V","2","ERR1536071"
"ELF5","TGCCGC20NCG","V","3","ERR1536072"
"ELF5","TGCCGC20NCG","V","4","ERR1536073"
"Elf5","TATTGT20NCG","Z","1","ERR1536074"
"Elf5","TATTGT20NCG","Z","2","ERR1536075"
"Elf5","TATTGT20NCG","Z","3","ERR1536076"
"Elf5","TATTGT20NCG","Z","4","ERR1536077"
"ELK1","TCGGAA20NAGT","AG","1","ERR1536078"
"ELK1","TCGGAA20NAGT","AG","2","ERR1536079"
"ELK1","TCGGAA20NAGT","AG","3","ERR1536080"
"ELK1","TCGGAA20NAGT","AG","4","ERR1536081"
"ELK1","TGAGTG20NTGA","AG","1","ERR1536082"
"ELK1","TGAGTG20NTGA","AG","2","ERR1536083"
"ELK1","TGAGTG20NTGA","AG","3","ERR1536084"
"ELK1","TGAGTG20NTGA","AG","4","ERR1536085"
"Elk3","TGAGTG20NTGA","AC","1","ERR1536086"
"Elk3","TGAGTG20NTGA","AC","2","ERR1536087"
"Elk3","TGAGTG20NTGA","AC","3","ERR1536088"
"Elk3","TGAGTG20NTGA","AC","4","ERR1536089"
"ELK3","TCGGGG20NGGT","AG","1","ERR1536090"
"ELK3","TCGGGG20NGGT","AG","2","ERR1536091"
"ELK3","TCGGGG20NGGT","AG","3","ERR1536092"
"ELK3","TCGGGG20NGGT","AG","4","ERR1536093"
"EMX1","TCGCAT30NACT","AI","1","ERR1536094"
"EMX1","TCGCAT30NACT","AI","2","ERR1536095"
"EMX1","TCGCAT30NACT","AI","3","ERR1536096"
"EMX1","TCGCAT30NACT","AI","4","ERR1536097"
"EMX2","TGGTTC30NTTT","AI","1","ERR1536098"
"EMX2","TGGTTC30NTTT","AI","2","ERR1536099"
"EMX2","TGGTTC30NTTT","AI","3","ERR1536100"
"EMX2","TGGTTC30NTTT","AI","4","ERR1536101"
"EN1","TGACCT20NCCA","W","1","ERR1536102"
"EN1","TGACCT20NCCA","W","2","ERR1536103"
"EN1","TGACCT20NCCA","W","3","ERR1536104"
"EN1","TGACCT20NCCA","W","4","ERR1536105"
"EN1","TGTAGG20NGA","Y","1","ERR1536106"
"EN1","TGTAGG20NGA","Y","2","ERR1536107"
"EN1","TGTAGG20NGA","Y","3","ERR1536108"
"EN1","TGTAGG20NGA","Y","4","ERR1536109"
"EN2","TGCCAT20NGA","AE","1","ERR1536110"
"EN2","TGCCAT20NGA","AE","2","ERR1536111"
"EN2","TGCCAT20NGA","AE","3","ERR1536112"
"EN2","TGCCAT20NGA","AE","4","ERR1536113"
"En2","TCAGCT20NCG","Z","1","ERR1536114"
"En2","TCAGCT20NCG","Z","2","ERR1536115"
"En2","TCAGCT20NCG","Z","3","ERR1536116"
"En2","TCAGCT20NCG","Z","4","ERR1536117"
"EOMES","TGTAAA30NAAG","AI","1","ERR1536118"
"EOMES","TGTAAA30NAAG","AI","2","ERR1536119"
"EOMES","TGTAAA30NAAG","AI","3","ERR1536120"
"EOMES","TGTAAA30NAAG","AI","4","ERR1536121"
"ERF","TCAGAG20NCG","W","1","ERR1536122"
"ERF","TCAGAG20NCG","W","2","ERR1536123"
"ERF","TCAGAG20NCG","W","3","ERR1536124"
"ERF","TCAGAG20NCG","W","4","ERR1536125"
"ERG","TCTACA20NCAG","AG","1","ERR1536126"
"ERG","TCTACA20NCAG","AG","2","ERR1536127"
"ERG","TCTACA20NCAG","AG","3","ERR1536128"
"ERG","TCTACA20NCAG","AG","4","ERR1536129"
"ERG","TGCAAG20NAAC","AG","1","ERR1536130"
"ERG","TGCAAG20NAAC","AG","2","ERR1536131"
"ERG","TGCAAG20NAAC","AG","3","ERR1536132"
"ERG","TGCAAG20NAAC","AG","4","ERR1536133"
"ESR1","TAGAGT20NCG","W","1","ERR1536134"
"ESR1","TAGAGT20NCG","W","2","ERR1536135"
"ESR1","TAGAGT20NCG","W","3","ERR1536136"
"ESR1","TAGAGT20NCG","W","4","ERR1536137"
"Esrra","TAGCTC20NCG","AC","1","ERR1536138"
"Esrra","TAGCTC20NCG","AC","2","ERR1536139"
"Esrra","TAGCTC20NCG","AC","3","ERR1536140"
"Esrra","TAGCTC20NCG","AC","4","ERR1536141"
"ESRRA","TGACGA30NGCA","AI","1","ERR1536142"
"ESRRA","TGACGA30NGCA","AI","2","ERR1536143"
"ESRRA","TGACGA30NGCA","AI","3","ERR1536144"
"ESRRA","TGACGA30NGCA","AI","4","ERR1536145"
"ESRRB","ATTAC14N","U","1","ERR1536146"
"ESRRB","ATTAC14N","U","2","ERR1536147"
"ESRRB","ATTAC14N","U","3","ERR1536148"
"ESRRB","ATTAC14N","U","4","ERR1536149"
"ESRRG","TGACGA20NGCA","AF","1","ERR1536150"
"ESRRG","TGACGA20NGCA","AF","2","ERR1536151"
"ESRRG","TGACGA20NGCA","AF","3","ERR1536152"
"ESRRG","TGACGA20NGCA","AF","4","ERR1536153"
"ESX1","TCTCGG20NGA","AC","1","ERR1536154"
"ESX1","TCTCGG20NGA","AC","2","ERR1536155"
"ESX1","TCTCGG20NGA","AC","3","ERR1536156"
"ESX1","TCTCGG20NGA","AC","4","ERR1536157"
"ESX1","TCTTCT20NGA","AE","1","ERR1536158"
"ESX1","TCTTCT20NGA","AE","2","ERR1536159"
"ESX1","TCTTCT20NGA","AE","3","ERR1536160"
"ESX1","TCTTCT20NGA","AE","4","ERR1536161"
"ETS1","TGTAAA20NGA","AF","1","ERR1536162"
"ETS1","TGTAAA20NGA","AF","2","ERR1536163"
"ETS1","TGTAAA20NGA","AF","3","ERR1536164"
"ETS1","TGTAAA20NGA","AF","4","ERR1536165"
"ETS1","TGTACC30NCAG","AI","1","ERR1536166"
"ETS1","TGTACC30NCAG","AI","2","ERR1536167"
"ETS1","TGTACC30NCAG","AI","3","ERR1536168"
"ETS1","TGTACC30NCAG","AI","4","ERR1536169"
"ETV1","TCGTTA20NTTT","AG","1","ERR1536170"
"ETV1","TCGTTA20NTTT","AG","2","ERR1536171"
"ETV1","TCGTTA20NTTT","AG","3","ERR1536172"
"ETV1","TCGTTA20NTTT","AG","4","ERR1536173"
"ETV3","TCAGGA20NCG","W","1","ERR1536174"
"ETV3","TCAGGA20NCG","W","2","ERR1536175"
"ETV3","TCAGGA20NCG","W","3","ERR1536176"
"ETV3","TCAGGA20NCG","W","4","ERR1536177"
"ETV4","TCTATG20NTAG","AG","1","ERR1536178"
"ETV4","TCTATG20NTAG","AG","2","ERR1536179"
"ETV4","TCTATG20NTAG","AG","3","ERR1536180"
"ETV4","TCTATG20NTAG","AG","4","ERR1536181"
"ETV5","TGCACT20NGA","AF","1","ERR1536182"
"ETV5","TGCACT20NGA","AF","2","ERR1536183"
"ETV5","TGCACT20NGA","AF","3","ERR1536184"
"ETV5","TGCACT20NGA","AF","4","ERR1536185"
"ETV6","TGAGTG20NGA","AF","1","ERR1536186"
"ETV6","TGAGTG20NGA","AF","2","ERR1536187"
"ETV6","TGAGTG20NGA","AF","3","ERR1536188"
"ETV6","TGAGTG20NGA","AF","4","ERR1536189"
"EVX1","TGGGAC20NAGT","Z","1","ERR1536190"
"EVX1","TGGGAC20NAGT","Z","2","ERR1536191"
"EVX1","TGGGAC20NAGT","Z","3","ERR1536192"
"EVX1","TGGGAC20NAGT","Z","4","ERR1536193"
"EVX2","TCAAGG20NGAA","Y","1","ERR1536194"
"EVX2","TCAAGG20NGAA","Y","2","ERR1536195"
"EVX2","TCAAGG20NGAA","Y","3","ERR1536196"
"EVX2","TCAAGG20NGAA","Y","4","ERR1536197"
"FEV","TGATCC20NCTA","Z","1","ERR1536198"
"FEV","TGATCC20NCTA","Z","2","ERR1536199"
"FEV","TGATCC20NCTA","Z","3","ERR1536200"
"FEV","TGATCC20NCTA","Z","4","ERR1536201"
"FIGLA","AGATA14N","U","1","ERR1536202"
"FIGLA","AGATA14N","U","2","ERR1536203"
"FIGLA","AGATA14N","U","4","ERR1536204"
"FLI1","TAGGAT20NAGT","AC","1","ERR1536205"
"FLI1","TAGGAT20NAGT","AC","2","ERR1536206"
"FLI1","TAGGAT20NAGT","AC","3","ERR1536207"
"FLI1","TAGGAT20NAGT","AC","4","ERR1536208"
"FLI1","TCTAAT20NCG","V","1","ERR1536209"
"FLI1","TCTAAT20NCG","V","2","ERR1536210"
"FLI1","TCTAAT20NCG","V","3","ERR1536211"
"FLI1","TCTAAT20NCG","V","4","ERR1536212"
"FOXB1","TCTGGT20NGGG","AE","1","ERR1536213"
"FOXB1","TCTGGT20NGGG","AE","2","ERR1536214"
"FOXB1","TCTGGT20NGGG","AE","3","ERR1536215"
"FOXB1","TCTGGT20NGGG","AE","4","ERR1536216"
"FOXB1","TGAGCA30NCGA","AI","1","ERR1536217"
"FOXB1","TGAGCA30NCGA","AI","2","ERR1536218"
"FOXB1","TGAGCA30NCGA","AI","3","ERR1536219"
"FOXB1","TGAGCA30NCGA","AI","4","ERR1536220"
"FOXC1","TGAGGC30NGGA","AI","1","ERR1536221"
"FOXC1","TGAGGC30NGGA","AI","2","ERR1536222"
"FOXC1","TGAGGC30NGGA","AI","3","ERR1536223"
"FOXC1","TGAGGC30NGGA","AI","4","ERR1536224"
"Foxc1","CCCCT14N","T","1","ERR1536225"
"Foxc1","CCCCT14N","T","2","ERR1536226"
"Foxc1","CCCCT14N","T","3","ERR1536227"
"Foxc1","CCCCT14N","T","4","ERR1536228"
"FOXC2","TGAGTG30NTGA","AI","1","ERR1536229"
"FOXC2","TGAGTG30NTGA","AI","2","ERR1536230"
"FOXC2","TGAGTG30NTGA","AI","3","ERR1536231"
"FOXC2","TGAGTG30NTGA","AI","4","ERR1536232"
"FOXD2","TGCTCG20NCTC","Z","1","ERR1536233"
"FOXD2","TGCTCG20NCTC","Z","2","ERR1536234"
"FOXD2","TGCTCG20NCTC","Z","3","ERR1536235"
"FOXD2","TGCTCG20NCTC","Z","4","ERR1536236"
"FOXD3","TGGGGT20NGGT","Z","1","ERR1536237"
"FOXD3","TGGGGT20NGGT","Z","2","ERR1536238"
"FOXD3","TGGGGT20NGGT","Z","3","ERR1536239"
"FOXD3","TGGGGT20NGGT","Z","4","ERR1536240"
"FOXG1","TGGTTC20NGA","AA","1","ERR1536241"
"FOXG1","TGGTTC20NGA","AA","2","ERR1536242"
"FOXG1","TGGTTC20NGA","AA","3","ERR1536243"
"FOXG1","TGGTTC20NGA","AA","4","ERR1536244"
"Foxg1","TATCTG20NTCG","AF","1","ERR1536245"
"Foxg1","TATCTG20NTCG","AF","2","ERR1536246"
"Foxg1","TATCTG20NTCG","AF","3","ERR1536247"
"Foxg1","TATCTG20NTCG","AF","4","ERR1536248"
"FOXI1","TCGGAA20NGA","AF","1","ERR1536249"
"FOXI1","TCGGAA20NGA","AF","2","ERR1536250"
"FOXI1","TCGGAA20NGA","AF","3","ERR1536251"
"FOXI1","TCGGAA20NGA","AF","4","ERR1536252"
"FOXJ2","TGACGA20NGA","W","1","ERR1536253"
"FOXJ2","TGACGA20NGA","W","2","ERR1536254"
"FOXJ2","TGACGA20NGA","W","3","ERR1536255"
"FOXJ2","TGACGA20NGA","W","4","ERR1536256"
"FOXJ3","TAGTGG20NGTT","AC","1","ERR1536257"
"FOXJ3","TAGTGG20NGTT","AC","2","ERR1536258"
"FOXJ3","TAGTGG20NGTT","AC","3","ERR1536259"
"FOXJ3","TAGTGG20NGTT","AC","4","ERR1536260"
"Foxj3","TAAACA20NCAA","AF","1","ERR1536261"
"Foxj3","TAAACA20NCAA","AF","2","ERR1536262"
"Foxj3","TAAACA20NCAA","AF","3","ERR1536263"
"Foxj3","TAAACA20NCAA","AF","4","ERR1536264"
"Foxk1","TGGGTA20NCG","Q","1","ERR1536265"
"Foxk1","TGGGTA20NCG","Q","2","ERR1536266"
"Foxk1","TGGGTA20NCG","Q","3","ERR1536267"
"Foxk1","TGGGTA20NCG","Q","4","ERR1536268"
"Foxk1","TGGGTA20NCG","Q","5","ERR1536269"
"FOXK1","GACAG14N","S","1","ERR1536270"
"FOXK1","GACAG14N","S","2","ERR1536271"
"FOXK1","GACAG14N","S","3","ERR1536272"
"FOXK1","GACAG14N","S","4","ERR1536273"
"FOXL1","TGCTCG20NCTC","W","1","ERR1536274"
"FOXL1","TGCTCG20NCTC","W","2","ERR1536275"
"FOXL1","TGCTCG20NCTC","W","3","ERR1536276"
"FOXL1","TGCTCG20NCTC","W","4","ERR1536277"
"FOXO1","TTCAGC20NTA","AF","1","ERR1536278"
"FOXO1","TTCAGC20NTA","AF","2","ERR1536279"
"FOXO1","TTCAGC20NTA","AF","3","ERR1536280"
"FOXO1","TTCAGC20NTA","AF","4","ERR1536281"
"FOXO3","TGTTGC20NGTG","W","1","ERR1536282"
"FOXO3","TGTTGC20NGTG","W","2","ERR1536283"
"FOXO3","TGTTGC20NGTG","W","3","ERR1536284"
"FOXO3","TGTTGC20NGTG","W","4","ERR1536285"
"FOXO4","TGACTC20NGA","AC","1","ERR1536286"
"FOXO4","TGACTC20NGA","AC","2","ERR1536287"
"FOXO4","TGACTC20NGA","AC","3","ERR1536288"
"FOXO4","TGACTC20NGA","AC","4","ERR1536289"
"FOXO6","TCGTGT30NGTT","AH","1","ERR1536290"
"FOXO6","TCGTGT30NGTT","AH","2","ERR1536291"
"FOXO6","TCGTGT30NGTT","AH","3","ERR1536292"
"FOXO6","TCGTGT30NGTT","AH","4","ERR1536293"
"FOXP3","TCAATT20NTAA","Y","1","ERR1536294"
"FOXP3","TCAATT20NTAA","Y","2","ERR1536295"
"FOXP3","TCAATT20NTAA","Y","3","ERR1536296"
"FOXP3","TCAATT20NTAA","Y","4","ERR1536297"
"GABPA","TGGCCC20NCCT","AG","1","ERR1536298"
"GABPA","TGGCCC20NCCT","AG","2","ERR1536299"
"GABPA","TGGCCC20NCCT","AG","3","ERR1536300"
"GABPA","TGGCCC20NCCT","AG","4","ERR1536301"
"GATA3","TCATGC20NCG","AC","1","ERR1536302"
"GATA3","TCATGC20NCG","AC","2","ERR1536303"
"GATA3","TCATGC20NCG","AC","3","ERR1536304"
"GATA3","TCATGC20NCG","AC","4","ERR1536305"
"GATA3","TGTCGT20NGA","AC","1","ERR1536306"
"GATA3","TGTCGT20NGA","AC","2","ERR1536307"
"GATA3","TGTCGT20NGA","AC","3","ERR1536308"
"GATA3","TGTCGT20NGA","AC","4","ERR1536309"
"GATA4","TAAAAT20NAAA","Y","1","ERR1536310"
"GATA4","TAAAAT20NAAA","Y","2","ERR1536311"
"GATA4","TAAAAT20NAAA","Y","3","ERR1536312"
"GATA4","TAAAAT20NAAA","Y","4","ERR1536313"
"GATA5","TAAATG20NTAA","Y","1","ERR1536314"
"GATA5","TAAATG20NTAA","Y","2","ERR1536315"
"GATA5","TAAATG20NTAA","Y","3","ERR1536316"
"GATA5","TAAATG20NTAA","Y","4","ERR1536317"
"Gbx1","TCGGTT20NCG","Q","1","ERR1536318"
"Gbx1","TCGGTT20NCG","Q","2","ERR1536319"
"Gbx1","TCGGTT20NCG","Q","3","ERR1536320"
"Gbx1","TCGGTT20NCG","Q","4","ERR1536321"
"Gbx1","TCGGTT20NCG","Q","5","ERR1536322"
"GBX1","TAGTCC20NCG","Y","1","ERR1536323"
"GBX1","TAGTCC20NCG","Y","2","ERR1536324"
"GBX1","TAGTCC20NCG","Y","3","ERR1536325"
"GBX1","TAGTCC20NCG","Y","4","ERR1536326"
"GBX2","TGATTT20NGA","AE","1","ERR1536327"
"GBX2","TGATTT20NGA","AE","2","ERR1536328"
"GBX2","TGATTT20NGA","AE","3","ERR1536329"
"GBX2","TGATTT20NGA","AE","4","ERR1536330"
"GBX2","TCCCGA20NGCC","Y","1","ERR1536331"
"GBX2","TCCCGA20NGCC","Y","2","ERR1536332"
"GBX2","TCCCGA20NGCC","Y","3","ERR1536333"
"GBX2","TCCCGA20NGCC","Y","4","ERR1536334"
"Gbx2","TACACC20NCAC","Z","1","ERR1536335"
"Gbx2","TACACC20NCAC","Z","2","ERR1536336"
"Gbx2","TACACC20NCAC","Z","3","ERR1536337"
"Gbx2","TACACC20NCAC","Z","4","ERR1536338"
"GCM1","TCCAGT20NGAC","AE","1","ERR1536339"
"GCM1","TCCAGT20NGAC","AE","2","ERR1536340"
"GCM1","TCCAGT20NGAC","AE","3","ERR1536341"
"GCM1","TCCAGT20NGAC","AE","4","ERR1536342"
"GCM1","TGAGCA20NCGA","Y","1","ERR1536343"
"GCM1","TGAGCA20NCGA","Y","2","ERR1536344"
"GCM1","TGAGCA20NCGA","Y","3","ERR1536345"
"GCM1","TGAGCA20NCGA","Y","4","ERR1536346"
"GCM2","TGACTC20NTCA","Y","1","ERR1536347"
"GCM2","TGACTC20NTCA","Y","2","ERR1536348"
"GCM2","TGACTC20NTCA","Y","3","ERR1536349"
"GCM2","TGACTC20NTCA","Y","4","ERR1536350"
"GLI2","TAAGTA40NTGA","AI","1","ERR1536351"
"GLI2","TAAGTA40NTGA","AI","2","ERR1536352"
"GLI2","TAAGTA40NTGA","AI","3","ERR1536353"
"GLI2","TAAGTA40NTGA","AI","4","ERR1536354"
"GLIS2","TACTAT20NATC","Y","1","ERR1536355"
"GLIS2","TACTAT20NATC","Y","2","ERR1536356"
"GLIS2","TACTAT20NATC","Y","3","ERR1536357"
"GLIS2","TACTAT20NATC","Y","4","ERR1536358"
"GMEB2","TCGCGC20NGA","Y","1","ERR1536359"
"GMEB2","TCGCGC20NGA","Y","2","ERR1536360"
"GMEB2","TCGCGC20NGA","Y","3","ERR1536361"
"GMEB2","TCGCGC20NGA","Y","4","ERR1536362"
"GRHL1","TCCAAC20NTA","Q","1","ERR1536363"
"GRHL1","TCCAAC20NTA","Q","2","ERR1536364"
"GRHL1","TCCAAC20NTA","Q","3","ERR1536365"
"GRHL1","TCCAAC20NTA","Q","4","ERR1536366"
"GRHL1","TGGACA20NCAT","W","1","ERR1536367"
"GRHL1","TGGACA20NCAT","W","2","ERR1536368"
"GRHL1","TGGACA20NCAT","W","3","ERR1536369"
"GRHL1","TGGACA20NCAT","W","4","ERR1536370"
"GSC","TGGGAC20NGA","AE","1","ERR1536371"
"GSC","TGGGAC20NGA","AE","2","ERR1536372"
"GSC","TGGGAC20NGA","AE","3","ERR1536373"
"GSC","TGGGAC20NGA","AE","4","ERR1536374"
"GSC2","TTAGAA20NTA","AF","1","ERR1536375"
"GSC2","TTAGAA20NTA","AF","2","ERR1536376"
"GSC2","TTAGAA20NTA","AF","3","ERR1536377"
"GSC2","TTAGAA20NTA","AF","4","ERR1536378"
"GSX1","TCACAC20NCG","Y","1","ERR1536379"
"GSX1","TCACAC20NCG","Y","2","ERR1536380"
"GSX1","TCACAC20NCG","Y","3","ERR1536381"
"GSX1","TCACAC20NCG","Y","4","ERR1536382"
"GSX2","TCCAAC20NCG","Y","1","ERR1536383"
"GSX2","TCCAAC20NCG","Y","2","ERR1536384"
"GSX2","TCCAAC20NCG","Y","3","ERR1536385"
"GSX2","TCCAAC20NCG","Y","4","ERR1536386"
"HES5","TCCACG20NCG","Y","2","ERR1536387"
"HES5","TCCACG20NCG","Y","3","ERR1536388"
"HES5","TCCACG20NCG","Y","4","ERR1536389"
"HES7","AATTC14N","U","1","ERR1536390"
"HES7","AATTC14N","U","2","ERR1536391"
"HES7","AATTC14N","U","3","ERR1536392"
"HES7","AATTC14N","U","4","ERR1536393"
"HESX1","TCTTCT20NCTG","Z","1","ERR1536394"
"HESX1","TCTTCT20NCTG","Z","2","ERR1536395"
"HESX1","TCTTCT20NCTG","Z","3","ERR1536396"
"HESX1","TCTTCT20NCTG","Z","4","ERR1536397"
"HEY1","TGAAAC20NGA","Y","1","ERR1536398"
"HEY1","TGAAAC20NGA","Y","2","ERR1536399"
"HEY1","TGAAAC20NGA","Y","3","ERR1536400"
"HEY1","TGAAAC20NGA","Y","4","ERR1536401"
"HEY2","TCTCAA20NGA","AF","1","ERR1536402"
"HEY2","TCTCAA20NGA","AF","2","ERR1536403"
"HEY2","TCTCAA20NGA","AF","3","ERR1536404"
"HEY2","TCTCAA20NGA","AF","4","ERR1536405"
"HEY2","TCGATC20NGA","Y","1","ERR1536406"
"HEY2","TCGATC20NGA","Y","2","ERR1536407"
"HEY2","TCGATC20NGA","Y","3","ERR1536408"
"HEY2","TCGATC20NGA","Y","4","ERR1536409"
"Hic1","TCATCA20NCTA","Z","1","ERR1536410"
"Hic1","TCATCA20NCTA","Z","2","ERR1536411"
"Hic1","TCATCA20NCTA","Z","3","ERR1536412"
"Hic1","TCATCA20NCTA","Z","4","ERR1536413"
"HIC2","TGAGCA20NGA","AC","1","ERR1536414"
"HIC2","TGAGCA20NGA","AC","2","ERR1536415"
"HIC2","TGAGCA20NGA","AC","3","ERR1536416"
"HIC2","TGAGCA20NGA","AC","4","ERR1536417"
"HINFP1","TCAAGG20NGAA","W","1","ERR1536418"
"HINFP1","TCAAGG20NGAA","W","2","ERR1536419"
"HINFP1","TCAAGG20NGAA","W","3","ERR1536420"
"HINFP1","TCAAGG20NGAA","W","4","ERR1536421"
"HLF","TAGCCT20NCG","AD","1","ERR1536422"
"HLF","TAGCCT20NCG","AD","2","ERR1536423"
"HLF","TAGCCT20NCG","AD","3","ERR1536424"
"HLF","TAGCCT20NCG","AD","4","ERR1536425"
"Hlf","TCAATT20NTA","P","1","ERR1536426"
"Hlf","TCAATT20NTA","P","2","ERR1536427"
"Hlf","TCAATT20NTA","P","3","ERR1536428"
"Hlf","TCAATT20NTA","P","4","ERR1536429"
"Hlf","TCAATT20NTA","P","5","ERR1536430"
"HMBOX1","TCCTGG20NCG","Z","1","ERR1536431"
"HMBOX1","TCCTGG20NCG","Z","2","ERR1536432"
"HMBOX1","TCCTGG20NCG","Z","3","ERR1536433"
"HMBOX1","TCCTGG20NCG","Z","4","ERR1536434"
"HMX1","TCGCCA20NCCT","Z","1","ERR1536435"
"HMX1","TCGCCA20NCCT","Z","2","ERR1536436"
"HMX1","TCGCCA20NCCT","Z","3","ERR1536437"
"HMX1","TCGCCA20NCCT","Z","4","ERR1536438"
"HMX2","TAGTGG20NCG","Y","1","ERR1536439"
"HMX2","TAGTGG20NCG","Y","2","ERR1536440"
"HMX2","TAGTGG20NCG","Y","3","ERR1536441"
"HMX2","TAGTGG20NCG","Y","4","ERR1536442"
"HMX3","TGCACT30NCAC","AI","1","ERR1536443"
"HMX3","TGCACT30NCAC","AI","2","ERR1536444"
"HMX3","TGCACT30NCAC","AI","3","ERR1536445"
"HMX3","TGCACT30NCAC","AI","4","ERR1536446"
"HNF1A","TGAGCA20NCGA","W","1","ERR1536447"
"HNF1A","TGAGCA20NCGA","W","2","ERR1536448"
"HNF1A","TGAGCA20NCGA","W","3","ERR1536449"
"HNF1A","TGAGCA20NCGA","W","4","ERR1536450"
"HNF1B","TCGACT20NCAT","W","1","ERR1536451"
"HNF1B","TCGACT20NCAT","W","2","ERR1536452"
"HNF1B","TCGACT20NCAT","W","3","ERR1536453"
"HNF1B","TCGACT20NCAT","W","4","ERR1536454"
"HNF4A","TGACAG20NGA","AF","1","ERR1536455"
"HNF4A","TGACAG20NGA","AF","2","ERR1536456"
"HNF4A","TGACAG20NGA","AF","3","ERR1536457"
"HNF4A","TGACAG20NGA","AF","4","ERR1536458"
"HNF4A","TCCGTG40NTGC","AI","1","ERR1536459"
"HNF4A","TCCGTG40NTGC","AI","2","ERR1536460"
"HNF4A","TCCGTG40NTGC","AI","3","ERR1536461"
"HNF4A","TCCGTG40NTGC","AI","4","ERR1536462"
"Hnf4a","TCCACG20NCG","Z","1","ERR1536463"
"Hnf4a","TCCACG20NCG","Z","2","ERR1536464"
"Hnf4a","TCCACG20NCG","Z","3","ERR1536465"
"Hnf4a","TCCACG20NCG","Z","4","ERR1536466"
"HOMEZ","TCGATC20NTAT","Y","1","ERR1536467"
"HOMEZ","TCGATC20NTAT","Y","2","ERR1536468"
"HOMEZ","TCGATC20NTAT","Y","3","ERR1536469"
"HOMEZ","TCGATC20NTAT","Y","4","ERR1536470"
"HOXA1","TGGAAT20NAAT","AF","1","ERR1536471"
"HOXA1","TGGAAT20NAAT","AF","2","ERR1536472"
"HOXA1","TGGAAT20NAAT","AF","3","ERR1536473"
"HOXA1","TGGAAT20NAAT","AF","4","ERR1536474"
"HOXA10","TAGGAT30NAGT","AI","1","ERR1536475"
"HOXA10","TAGGAT30NAGT","AI","2","ERR1536476"
"HOXA10","TAGGAT30NAGT","AI","3","ERR1536477"
"HOXA10","TAGGAT30NAGT","AI","4","ERR1536478"
"Hoxa11","TCCCCT20NCG","Z","1","ERR1536479"
"Hoxa11","TCCCCT20NCG","Z","2","ERR1536480"
"Hoxa11","TCCCCT20NCG","Z","3","ERR1536481"
"Hoxa11","TCCCCT20NCG","Z","4","ERR1536482"
"HOXA13","TGTGGA20NGGG","AE","1","ERR1536483"
"HOXA13","TGTGGA20NGGG","AE","2","ERR1536484"
"HOXA13","TGTGGA20NGGG","AE","3","ERR1536485"
"HOXA13","TGTGGA20NGGG","AE","4","ERR1536486"
"HOXA13","TTCTCT20NTA","AF","1","ERR1536487"
"HOXA13","TTCTCT20NTA","AF","2","ERR1536488"
"HOXA13","TTCTCT20NTA","AF","3","ERR1536489"
"HOXA13","TTCTCT20NTA","AF","4","ERR1536490"
"HOXA2","TTATTA20NTA","AF","1","ERR1536491"
"HOXA2","TTATTA20NTA","AF","2","ERR1536492"
"HOXA2","TTATTA20NTA","AF","3","ERR1536493"
"HOXA2","TTATTA20NTA","AF","4","ERR1536494"
"Hoxa2","TACCGT20NCG","Z","1","ERR1536495"
"Hoxa2","TACCGT20NCG","Z","2","ERR1536496"
"Hoxa2","TACCGT20NCG","Z","3","ERR1536497"
"Hoxa2","TACCGT20NCG","Z","4","ERR1536498"
"HOXB13","TGCCTG20NGA","Y","1","ERR1536499"
"HOXB13","TGCCTG20NGA","Y","2","ERR1536500"
"HOXB13","TGCCTG20NGA","Y","3","ERR1536501"
"HOXB13","TGCCTG20NGA","Y","4","ERR1536502"
"HOXB2","TAACAA20NACA","Y","1","ERR1536503"
"HOXB2","TAACAA20NACA","Y","2","ERR1536504"
"HOXB2","TAACAA20NACA","Y","3","ERR1536505"
"HOXB2","TAACAA20NACA","Y","4","ERR1536506"
"HOXB3","TACATT20NTAC","Y","1","ERR1536507"
"HOXB3","TACATT20NTAC","Y","2","ERR1536508"
"HOXB3","TACATT20NTAC","Y","3","ERR1536509"
"HOXB3","TACATT20NTAC","Y","4","ERR1536510"
"HOXB5","TCTTGA20NGTG","Z","1","ERR1536511"
"HOXB5","TCTTGA20NGTG","Z","2","ERR1536512"
"HOXB5","TCTTGA20NGTG","Z","3","ERR1536513"
"HOXB5","TCTTGA20NGTG","Z","4","ERR1536514"
"HOXC10","TGGACA20NGA","Y","1","ERR1536515"
"HOXC10","TGGACA20NGA","Y","2","ERR1536516"
"HOXC10","TGGACA20NGA","Y","3","ERR1536517"
"HOXC10","TGGACA20NGA","Y","4","ERR1536518"
"Hoxc10","TATAGA20NGAG","Z","1","ERR1536519"
"Hoxc10","TATAGA20NGAG","Z","2","ERR1536520"
"Hoxc10","TATAGA20NGAG","Z","3","ERR1536521"
"Hoxc10","TATAGA20NGAG","Z","4","ERR1536522"
"HOXC11","TCACTA20NTCA","AC","1","ERR1536523"
"HOXC11","TCACTA20NTCA","AC","2","ERR1536524"
"HOXC11","TCACTA20NTCA","AC","3","ERR1536525"
"HOXC11","TCACTA20NTCA","AC","4","ERR1536526"
"HOXC11","TGCGAA20NGA","AF","1","ERR1536527"
"HOXC11","TGCGAA20NGA","AF","2","ERR1536528"
"HOXC11","TGCGAA20NGA","AF","3","ERR1536529"
"HOXC11","TGCGAA20NGA","AF","4","ERR1536530"
"HOXC12","TCATGC20NGTA","Y","1","ERR1536531"
"HOXC12","TCATGC20NGTA","Y","2","ERR1536532"
"HOXC12","TCATGC20NGTA","Y","3","ERR1536533"
"HOXC12","TCATGC20NGTA","Y","4","ERR1536534"
"HOXC13","TCCCTC20NTCC","Y","1","ERR1536535"
"HOXC13","TCCCTC20NTCC","Y","2","ERR1536536"
"HOXC13","TCCCTC20NTCC","Y","3","ERR1536537"
"HOXC13","TCCCTC20NTCC","Y","4","ERR1536538"
"HOXD11","TCCGGC20NGGC","Y","1","ERR1536539"
"HOXD11","TCCGGC20NGGC","Y","2","ERR1536540"
"HOXD11","TCCGGC20NGGC","Y","3","ERR1536541"
"HOXD11","TCCGGC20NGGC","Y","4","ERR1536542"
"HOXD12","TCAGTC20NCG","Y","1","ERR1536543"
"HOXD12","TCAGTC20NCG","Y","2","ERR1536544"
"HOXD12","TCAGTC20NCG","Y","3","ERR1536545"
"HOXD12","TCAGTC20NCG","Y","4","ERR1536546"
"Hoxd13","TGATAA20NATA","AC","1","ERR1536547"
"Hoxd13","TGATAA20NATA","AC","2","ERR1536548"
"Hoxd13","TGATAA20NATA","AC","3","ERR1536549"
"Hoxd13","TGATAA20NATA","AC","4","ERR1536550"
"HOXD13","GTGCT14N","U","1","ERR1536551"
"HOXD13","GTGCT14N","U","2","ERR1536552"
"HOXD13","GTGCT14N","U","3","ERR1536553"
"HOXD13","GTGCT14N","U","4","ERR1536554"
"Hoxd3","TGCCAT20NCG","P","1","ERR1536555"
"Hoxd3","TGCCAT20NCG","P","2","ERR1536556"
"Hoxd3","TGCCAT20NCG","P","3","ERR1536557"
"Hoxd3","TGCCAT20NCG","P","4","ERR1536558"
"HOXD8","TCATAT20NATA","Y","1","ERR1536559"
"HOXD8","TCATAT20NATA","Y","2","ERR1536560"
"HOXD8","TCATAT20NATA","Y","3","ERR1536561"
"HOXD8","TCATAT20NATA","Y","4","ERR1536562"
"Hoxd9","TCCTAA20NCG","Z","1","ERR1536563"
"Hoxd9","TCCTAA20NCG","Z","2","ERR1536564"
"Hoxd9","TCCTAA20NCG","Z","3","ERR1536565"
"Hoxd9","TCCTAA20NCG","Z","4","ERR1536566"
"HSF1","TACCAC20NACC","AA","1","ERR1536567"
"HSF1","TACCAC20NACC","AA","2","ERR1536568"
"HSF1","TACCAC20NACC","AA","3","ERR1536569"
"HSF1","TACCAC20NACC","AA","4","ERR1536570"
"HSF1","TATAGA20NGAG","Y","1","ERR1536571"
"HSF1","TATAGA20NGAG","Y","2","ERR1536572"
"HSF1","TATAGA20NGAG","Y","3","ERR1536573"
"HSF1","TATAGA20NGAG","Y","4","ERR1536574"
"HSF2","TGGGGT20NCG","V","1","ERR1536575"
"HSF2","TGGGGT20NCG","V","2","ERR1536576"
"HSF2","TGGGGT20NCG","V","3","ERR1536577"
"HSF2","TGGGGT20NCG","V","4","ERR1536578"
"HSF4","TATCAT20NACG","Y","1","ERR1536579"
"HSF4","TATCAT20NACG","Y","2","ERR1536580"
"HSF4","TATCAT20NACG","Y","3","ERR1536581"
"HSF4","TATCAT20NACG","Y","4","ERR1536582"
"HSFY2","TCAGAG20NAGA","Y","1","ERR1536583"
"HSFY2","TCAGAG20NAGA","Y","2","ERR1536584"
"HSFY2","TCAGAG20NAGA","Y","3","ERR1536585"
"HSFY2","TCAGAG20NAGA","Y","4","ERR1536586"
"ID4","CTACA14N","U","1","ERR1536587"
"ID4","CTACA14N","U","2","ERR1536588"
"ID4","CTACA14N","U","3","ERR1536589"
"ID4","CTACA14N","U","4","ERR1536590"
"IRF3","TCCTAA40NATC","AI","1","ERR1536591"
"IRF3","TCCTAA40NATC","AI","2","ERR1536592"
"IRF3","TCCTAA40NATC","AI","3","ERR1536593"
"IRF3","TCCTAA40NATC","AI","4","ERR1536594"
"IRF4","TCAAGG20NCG","AD","1","ERR1536595"
"IRF4","TCAAGG20NCG","AD","2","ERR1536596"
"IRF4","TCAAGG20NCG","AD","3","ERR1536597"
"IRF4","TCAAGG20NCG","AD","4","ERR1536598"
"IRF5","TAACAA20NCG","AD","1","ERR1536599"
"IRF5","TAACAA20NCG","AD","2","ERR1536600"
"IRF5","TAACAA20NCG","AD","3","ERR1536601"
"IRF5","TAACAA20NCG","AD","4","ERR1536602"
"IRF7","TATCGC20NGCG","AC","1","ERR1536603"
"IRF7","TATCGC20NGCG","AC","2","ERR1536604"
"IRF7","TATCGC20NGCG","AC","3","ERR1536605"
"IRF7","TATCGC20NGCG","AC","4","ERR1536606"
"IRF8","TCCCCT20NCCC","AE","1","ERR1536607"
"IRF8","TCCCCT20NCCC","AE","2","ERR1536608"
"IRF8","TCCCCT20NCCC","AE","3","ERR1536609"
"IRF8","TCCCCT20NCCC","AE","4","ERR1536610"
"IRF8","TGGCGG20NGCT","Z","1","ERR1536611"
"IRF8","TGGCGG20NGCT","Z","2","ERR1536612"
"IRF8","TGGCGG20NGCT","Z","3","ERR1536613"
"IRF8","TGGCGG20NGCT","Z","4","ERR1536614"
"IRF9","TATGTT20NTGG","W","1","ERR1536615"
"IRF9","TATGTT20NTGG","W","2","ERR1536616"
"IRF9","TATGTT20NTGG","W","3","ERR1536617"
"IRF9","TATGTT20NTGG","W","4","ERR1536618"
"IRX2","TGCATC30NTAC","AI","1","ERR1536619"
"IRX2","TGCATC30NTAC","AI","2","ERR1536620"
"IRX2","TGCATC30NTAC","AI","3","ERR1536621"
"IRX2","TGCATC30NTAC","AI","4","ERR1536622"
"Irx3","TACTGC20NCG","Z","1","ERR1536623"
"Irx3","TACTGC20NCG","Z","2","ERR1536624"
"Irx3","TACTGC20NCG","Z","3","ERR1536625"
"Irx3","TACTGC20NCG","Z","4","ERR1536626"
"IRX5","TAAGGT20NTA","Q","1","ERR1536627"
"IRX5","TAAGGT20NTA","Q","2","ERR1536628"
"IRX5","TAAGGT20NTA","Q","3","ERR1536629"
"IRX5","TAAGGT20NTA","Q","4","ERR1536630"
"ISL2","TCTAAT30NAAG","AI","1","ERR1536631"
"ISL2","TCTAAT30NAAG","AI","2","ERR1536632"
"ISL2","TCTAAT30NAAG","AI","3","ERR1536633"
"ISL2","TCTAAT30NAAG","AI","4","ERR1536634"
"ISX","TGAGTG20NTGA","AE","1","ERR1536635"
"ISX","TGAGTG20NTGA","AE","2","ERR1536636"
"ISX","TGAGTG20NTGA","AE","3","ERR1536637"
"ISX","TGAGTG20NTGA","AE","4","ERR1536638"
"ISX","TATTTA20NCG","Y","1","ERR1536639"
"ISX","TATTTA20NCG","Y","2","ERR1536640"
"ISX","TATTTA20NCG","Y","3","ERR1536641"
"ISX","TATTTA20NCG","Y","4","ERR1536642"
"JDP2","TCCTTT20NTTC","AC","1","ERR1536643"
"JDP2","TCCTTT20NTTC","AC","2","ERR1536644"
"JDP2","TCCTTT20NTTC","AC","3","ERR1536645"
"JDP2","TCCTTT20NTTC","AC","4","ERR1536646"
"JDP2","TGTTCA20NGA","AE","1","ERR1536647"
"JDP2","TGTTCA20NGA","AE","2","ERR1536648"
"JDP2","TGTTCA20NGA","AE","3","ERR1536649"
"JDP2","TGTTCA20NGA","AE","4","ERR1536650"
"Jdp2","TATCTG20NCG","Z","1","ERR1536651"
"Jdp2","TATCTG20NCG","Z","2","ERR1536652"
"Jdp2","TATCTG20NCG","Z","3","ERR1536653"
"Jdp2","TATCTG20NCG","Z","4","ERR1536654"
"Klf12","TGATGG20NGA","Z","1","ERR1536655"
"Klf12","TGATGG20NGA","Z","2","ERR1536656"
"Klf12","TGATGG20NGA","Z","3","ERR1536657"
"Klf12","TGATGG20NGA","Z","4","ERR1536658"
"KLF13","TGGACA20NGA","AE","1","ERR1536659"
"KLF13","TGGACA20NGA","AE","2","ERR1536660"
"KLF13","TGGACA20NGA","AE","3","ERR1536661"
"KLF13","TGGACA20NGA","AE","4","ERR1536662"
"KLF14","TTGGGA20NTA","AF","1","ERR1536663"
"KLF14","TTGGGA20NTA","AF","2","ERR1536664"
"KLF14","TTGGGA20NTA","AF","3","ERR1536665"
"KLF14","TTGGGA20NTA","AF","4","ERR1536666"
"KLF16","TTGATT20NTA","AF","1","ERR1536667"
"KLF16","TTGATT20NTA","AF","2","ERR1536668"
"KLF16","TTGATT20NTA","AF","3","ERR1536669"
"KLF16","TTGATT20NTA","AF","4","ERR1536670"
"LBX2","TAATTC20NTTA","Y","1","ERR1536671"
"LBX2","TAATTC20NTTA","Y","2","ERR1536672"
"LBX2","TAATTC20NTTA","Y","3","ERR1536673"
"LBX2","TAATTC20NTTA","Y","4","ERR1536674"
"LEF1","TCCCGA20NGCC","AC","1","ERR1536675"
"LEF1","TCCCGA20NGCC","AC","2","ERR1536676"
"LEF1","TCCCGA20NGCC","AC","3","ERR1536677"
"LEF1","TCCCGA20NGCC","AC","4","ERR1536678"
"LHX2","TCCAGT30NGAC","AI","1","ERR1536679"
"LHX2","TCCAGT30NGAC","AI","2","ERR1536680"
"LHX2","TCCAGT30NGAC","AI","3","ERR1536681"
"LHX2","TCCAGT30NGAC","AI","4","ERR1536682"
"Lhx4","TAAATG20NTAA","Z","1","ERR1536683"
"Lhx4","TAAATG20NTAA","Z","2","ERR1536684"
"Lhx4","TAAATG20NTAA","Z","3","ERR1536685"
"Lhx4","TAAATG20NTAA","Z","4","ERR1536686"
"LHX6","TCGGGG20NGGT","AF","1","ERR1536687"
"LHX6","TCGGGG20NGGT","AF","2","ERR1536688"
"LHX6","TCGGGG20NGGT","AF","3","ERR1536689"
"LHX6","TCGGGG20NGGT","AF","4","ERR1536690"
"Lhx8","TGCTCG40NCTC","AI","1","ERR1536691"
"Lhx8","TGCTCG40NCTC","AI","2","ERR1536692"
"Lhx8","TGCTCG40NCTC","AI","3","ERR1536693"
"Lhx8","TGCTCG40NCTC","AI","4","ERR1536694"
"LHX9","TATTGT20NGTG","Y","1","ERR1536695"
"LHX9","TATTGT20NGTG","Y","2","ERR1536696"
"LHX9","TATTGT20NGTG","Y","3","ERR1536697"
"LHX9","TATTGT20NGTG","Y","4","ERR1536698"
"LMX1A","TCTGGT20NGGG","Z","1","ERR1536699"
"LMX1A","TCTGGT20NGGG","Z","2","ERR1536700"
"LMX1A","TCTGGT20NGGG","Z","3","ERR1536701"
"LMX1A","TCTGGT20NGGG","Z","4","ERR1536702"
"LMX1B","TCGGAA20NAGT","AE","1","ERR1536703"
"LMX1B","TCGGAA20NAGT","AE","2","ERR1536704"
"LMX1B","TCGGAA20NAGT","AE","3","ERR1536705"
"LMX1B","TCGGAA20NAGT","AE","4","ERR1536706"
"LMX1B","TGAGGC20NGGA","Z","1","ERR1536707"
"LMX1B","TGAGGC20NGGA","Z","2","ERR1536708"
"LMX1B","TGAGGC20NGGA","Z","3","ERR1536709"
"LMX1B","TGAGGC20NGGA","Z","4","ERR1536710"
"Mafb","TCGTTA20NTTT","AA","1","ERR1536711"
"Mafb","TCGTTA20NTTT","AA","2","ERR1536712"
"Mafb","TCGTTA20NTTT","AA","3","ERR1536713"
"Mafb","TCGTTA20NTTT","AA","4","ERR1536714"
"MAFF","TGGAAT20NAAT","Z","1","ERR1536715"
"MAFF","TGGAAT20NAAT","Z","2","ERR1536716"
"MAFF","TGGAAT20NAAT","Z","3","ERR1536717"
"MAFF","TGGAAT20NAAT","Z","4","ERR1536718"
"MAFG","TGTAAA40NAAG","AI","1","ERR1536719"
"MAFG","TGTAAA40NAAG","AI","2","ERR1536720"
"MAFG","TGTAAA40NAAG","AI","3","ERR1536721"
"MAFG","TGTAAA40NAAG","AI","4","ERR1536722"
"MAFK","TTAAAG20NTA","AE","1","ERR1536723"
"MAFK","TTAAAG20NTA","AE","2","ERR1536724"
"MAFK","TTAAAG20NTA","AE","3","ERR1536725"
"MAFK","TTAAAG20NTA","AE","4","ERR1536726"
"MAFK","TGCCTG30NTCC","AI","1","ERR1536727"
"MAFK","TGCCTG30NTCC","AI","2","ERR1536728"
"MAFK","TGCCTG30NTCC","AI","3","ERR1536729"
"MAFK","TGCCTG30NTCC","AI","4","ERR1536730"
"MAX","TGACCT20NGA","Y","1","ERR1536731"
"MAX","TGACCT20NGA","Y","2","ERR1536732"
"MAX","TGACCT20NGA","Y","3","ERR1536733"
"MAX","TGACCT20NGA","Y","4","ERR1536734"
"MEF2A","TAATAG20NTA","Q","1","ERR1536735"
"MEF2A","TAATAG20NTA","Q","2","ERR1536736"
"MEF2A","TAATAG20NTA","Q","3","ERR1536737"
"MEF2A","TAATAG20NTA","Q","4","ERR1536738"
"MEF2B","TCGTAC20NATT","AE","1","ERR1536739"
"MEF2B","TCGTAC20NATT","AE","2","ERR1536740"
"MEF2B","TCGTAC20NATT","AE","3","ERR1536741"
"MEF2B","TCGTAC20NATT","AE","4","ERR1536742"
"MEF2D","TGCGTT20NGA","Y","1","ERR1536743"
"MEF2D","TGCGTT20NGA","Y","2","ERR1536744"
"MEF2D","TGCGTT20NGA","Y","3","ERR1536745"
"MEIS2","TCGCTG20NGA","AA","1","ERR1536746"
"MEIS2","TCGCTG20NGA","AA","2","ERR1536747"
"MEIS2","TCGCTG20NGA","AA","3","ERR1536748"
"MEIS2","TCGCTG20NGA","AA","4","ERR1536749"
"Meis2","TCAAAA20NTA","P","1","ERR1536750"
"Meis2","TCAAAA20NTA","P","2","ERR1536751"
"Meis2","TCAAAA20NTA","P","3","ERR1536752"
"Meis2","TCAAAA20NTA","P","4","ERR1536753"
"Meis3","TGGACA20NGA","AF","1","ERR1536754"
"Meis3","TGGACA20NGA","AF","2","ERR1536755"
"Meis3","TGGACA20NGA","AF","3","ERR1536756"
"Meis3","TGGACA20NGA","AF","4","ERR1536757"
"MEIS3","TGGGTA20NGA","Y","1","ERR1536758"
"MEIS3","TGGGTA20NGA","Y","2","ERR1536759"
"MEIS3","TGGGTA20NGA","Y","3","ERR1536760"
"MEIS3","TGGGTA20NGA","Y","4","ERR1536761"
"MEOX1","TACCTA20NCG","W","1","ERR1536762"
"MEOX1","TACCTA20NCG","W","2","ERR1536763"
"MEOX1","TACCTA20NCG","W","3","ERR1536764"
"MEOX1","TACCTA20NCG","W","4","ERR1536765"
"MEOX2","TAGTTT30NTTT","AI","1","ERR1536766"
"MEOX2","TAGTTT30NTTT","AI","2","ERR1536767"
"MEOX2","TAGTTT30NTTT","AI","3","ERR1536768"
"MEOX2","TAGTTT30NTTT","AI","4","ERR1536769"
"Meox2","TACGTC20NTGC","Z","1","ERR1536770"
"Meox2","TACGTC20NTGC","Z","2","ERR1536771"
"Meox2","TACGTC20NTGC","Z","3","ERR1536772"
"Meox2","TACGTC20NTGC","Z","4","ERR1536773"
"MESP1","TACCCG20NCG","Y","1","ERR1536774"
"MESP1","TACCCG20NCG","Y","2","ERR1536775"
"MESP1","TACCCG20NCG","Y","3","ERR1536776"
"MESP1","TACCCG20NCG","Y","4","ERR1536777"
"MGA","TAGGGC20NGGT","Y","1","ERR1536778"
"MGA","TAGGGC20NGGT","Y","2","ERR1536779"
"MGA","TAGGGC20NGGT","Y","3","ERR1536780"
"MGA","TAGGGC20NGGT","Y","4","ERR1536781"
"MIXL1","TGATTT20NTTA","AE","1","ERR1536782"
"MIXL1","TGATTT20NTTA","AE","2","ERR1536783"
"MIXL1","TGATTT20NTTA","AE","3","ERR1536784"
"MIXL1","TGATTT20NTTA","AE","4","ERR1536785"
"MLX","CATAT14N","S","1","ERR1536786"
"MLX","CATAT14N","S","2","ERR1536787"
"MLX","CATAT14N","S","3","ERR1536788"
"MLX","CATAT14N","S","4","ERR1536789"
"Mlx","CCTGG14N","T","1","ERR1536790"
"Mlx","CCTGG14N","T","2","ERR1536791"
"Mlx","CCTGG14N","T","3","ERR1536792"
"Mlx","CCTGG14N","T","4","ERR1536793"
"MLXIPL","TGTAAA20NAAG","AE","1","ERR1536794"
"MLXIPL","TGTAAA20NAAG","AE","2","ERR1536795"
"MLXIPL","TGTAAA20NAAG","AE","3","ERR1536796"
"MLXIPL","TGTAAA20NAAG","AE","4","ERR1536797"
"MNT","TCTTCT20NGA","Y","1","ERR1536798"
"MNT","TCTTCT20NGA","Y","2","ERR1536799"
"MNT","TCTTCT20NGA","Y","3","ERR1536800"
"MNT","TCTTCT20NGA","Y","4","ERR1536801"
"MNX1","TGGTGA20NGTT","Z","1","ERR1536802"
"MNX1","TGGTGA20NGTT","Z","2","ERR1536803"
"MNX1","TGGTGA20NGTT","Z","3","ERR1536804"
"MNX1","TGGTGA20NGTT","Z","4","ERR1536805"
"MSC","TAGTCC20NCTT","AA","1","ERR1536806"
"MSC","TAGTCC20NCTT","AA","2","ERR1536807"
"MSC","TAGTCC20NCTT","AA","3","ERR1536808"
"MSC","TAGTCC20NCTT","AA","4","ERR1536809"
"MSX1","TGCTTA20NGA","AE","1","ERR1536810"
"MSX1","TGCTTA20NGA","AE","2","ERR1536811"
"MSX1","TGCTTA20NGA","AE","3","ERR1536812"
"MSX1","TGCTTA20NGA","AE","4","ERR1536813"
"MSX1","TGCGAA30NAGC","AI","1","ERR1536814"
"MSX1","TGCGAA30NAGC","AI","2","ERR1536815"
"MSX1","TGCGAA30NAGC","AI","3","ERR1536816"
"MSX1","TGCGAA30NAGC","AI","4","ERR1536817"
"MSX2","TGCGGG20NGA","W","1","ERR1536818"
"MSX2","TGCGGG20NGA","W","2","ERR1536819"
"MSX2","TGCGGG20NGA","W","3","ERR1536820"
"MSX2","TGCGGG20NGA","W","4","ERR1536821"
"Msx3","TCGACT20NCAT","AA","1","ERR1536822"
"Msx3","TCGACT20NCAT","AA","2","ERR1536823"
"Msx3","TCGACT20NCAT","AA","3","ERR1536824"
"Msx3","TCGACT20NCAT","AA","4","ERR1536825"
"MTF1","TGATCC20NCTA","Y","1","ERR1536826"
"MTF1","TGATCC20NCTA","Y","2","ERR1536827"
"MTF1","TGATCC20NCTA","Y","3","ERR1536828"
"MTF1","TGATCC20NCTA","Y","4","ERR1536829"
"MYBL1","TTGCGT20NTA","AF","1","ERR1536830"
"MYBL1","TTGCGT20NTA","AF","2","ERR1536831"
"MYBL1","TTGCGT20NTA","AF","3","ERR1536832"
"MYBL1","TTGCGT20NTA","AF","4","ERR1536833"
"MYBL2","TGAGTG20NGA","AC","1","ERR1536834"
"MYBL2","TGAGTG20NGA","AC","2","ERR1536835"
"MYBL2","TGAGTG20NGA","AC","3","ERR1536836"
"MYBL2","TGAGTG20NGA","AC","4","ERR1536837"
"MYF6","TGACTC20NTCA","AF","1","ERR1536838"
"MYF6","TGACTC20NTCA","AF","2","ERR1536839"
"MYF6","TGACTC20NTCA","AF","3","ERR1536840"
"MYF6","TGACTC20NTCA","AF","4","ERR1536841"
"NEUROD2","TGACCT20NGA","AE","1","ERR1536842"
"NEUROD2","TGACCT20NGA","AE","2","ERR1536843"
"NEUROD2","TGACCT20NGA","AE","3","ERR1536844"
"NEUROD2","TGACCT20NGA","AE","4","ERR1536845"
"NEUROG2","TGGCGG20NGA","AE","1","ERR1536846"
"NEUROG2","TGGCGG20NGA","AE","2","ERR1536847"
"NEUROG2","TGGCGG20NGA","AE","3","ERR1536848"
"NEUROG2","TGGCGG20NGA","AE","4","ERR1536849"
"NEUROG2","TCGCTG20NTCT","Z","1","ERR1536850"
"NEUROG2","TCGCTG20NTCT","Z","2","ERR1536851"
"NEUROG2","TCGCTG20NTCT","Z","3","ERR1536852"
"NEUROG2","TCGCTG20NTCT","Z","4","ERR1536853"
"NFAT5","TGATAA20NGA","AA","1","ERR1536854"
"NFAT5","TGATAA20NGA","AA","2","ERR1536855"
"NFAT5","TGATAA20NGA","AA","3","ERR1536856"
"NFAT5","TGATAA20NGA","AA","4","ERR1536857"
"NFATC1","TTCGTA20NTGC","AE","1","ERR1536858"
"NFATC1","TTCGTA20NTGC","AE","2","ERR1536859"
"NFATC1","TTCGTA20NTGC","AE","3","ERR1536860"
"NFATC1","TTCGTA20NTGC","AE","4","ERR1536861"
"NFE2","TGTAGG20NGA","AC","1","ERR1536862"
"NFE2","TGTAGG20NGA","AC","2","ERR1536863"
"NFE2","TGTAGG20NGA","AC","3","ERR1536864"
"NFE2","TGTAGG20NGA","AC","4","ERR1536865"
"NFIA","TACGTC20NTGC","AA","1","ERR1536866"
"NFIA","TACGTC20NTGC","AA","2","ERR1536867"
"NFIA","TACGTC20NTGC","AA","3","ERR1536868"
"NFIA","TACGTC20NTGC","AA","4","ERR1536869"
"NFIB","TCATCA20NCG","AD","1","ERR1536870"
"NFIB","TCATCA20NCG","AD","2","ERR1536871"
"NFIB","TCATCA20NCG","AD","3","ERR1536872"
"NFIB","TCATCA20NCG","AD","4","ERR1536873"
"NFIL3","TAGACG20NCG","Y","1","ERR1536874"
"NFIL3","TAGACG20NCG","Y","2","ERR1536875"
"NFIL3","TAGACG20NCG","Y","3","ERR1536876"
"NFIL3","TAGACG20NCG","Y","4","ERR1536877"
"NFIX","TCAACC20NCG","AC","1","ERR1536878"
"NFIX","TCAACC20NCG","AC","2","ERR1536879"
"NFIX","TCAACC20NCG","AC","3","ERR1536880"
"NFIX","TCAACC20NCG","AC","4","ERR1536881"
"NFIX","TGAGAT20NAGA","W","2","ERR1536882"
"NFIX","TGAGAT20NAGA","W","3","ERR1536883"
"NFIX","TGAGAT20NAGA","W","4","ERR1536884"
"NFKB1","TCTCAA20NGA","AA","1","ERR1536885"
"NFKB1","TCTCAA20NGA","AA","2","ERR1536886"
"NFKB1","TCTCAA20NGA","AA","3","ERR1536887"
"NFKB1","TCTCAA20NGA","AA","4","ERR1536888"
"NHLH1","TGATGG20NGTA","W","1","ERR1536889"
"NHLH1","TGATGG20NGTA","W","2","ERR1536890"
"NHLH1","TGATGG20NGTA","W","3","ERR1536891"
"NHLH1","TGATGG20NGTA","W","4","ERR1536892"
"NHLH1","TGGGCG20NGA","W","1","ERR1536893"
"NHLH1","TGGGCG20NGA","W","2","ERR1536894"
"NHLH1","TGGGCG20NGA","W","3","ERR1536895"
"NHLH1","TGGGCG20NGA","W","4","ERR1536896"
"NKX2-3","TGGAAT20NGA","AE","1","ERR1536897"
"NKX2-3","TGGAAT20NGA","AE","2","ERR1536898"
"NKX2-3","TGGAAT20NGA","AE","3","ERR1536899"
"NKX2-3","TGGAAT20NGA","AE","4","ERR1536900"
"NKX2-3","TGCTAC20NGA","Y","1","ERR1536901"
"NKX2-3","TGCTAC20NGA","Y","2","ERR1536902"
"NKX2-3","TGCTAC20NGA","Y","3","ERR1536903"
"NKX2-3","TGCTAC20NGA","Y","4","ERR1536904"
"NKX2-8","TGTTGC20NGTG","AE","1","ERR1536905"
"NKX2-8","TGTTGC20NGTG","AE","2","ERR1536906"
"NKX2-8","TGTTGC20NGTG","AE","3","ERR1536907"
"NKX2-8","TGTTGC20NGTG","AE","4","ERR1536908"
"NKX2-8","TAGGCA20NCG","Y","1","ERR1536909"
"NKX2-8","TAGGCA20NCG","Y","2","ERR1536910"
"NKX2-8","TAGGCA20NCG","Y","3","ERR1536911"
"NKX2-8","TAGGCA20NCG","Y","4","ERR1536912"
"Nkx3-1","TCTTAG20NATG","AA","1","ERR1536913"
"Nkx3-1","TCTTAG20NATG","AA","2","ERR1536914"
"Nkx3-1","TCTTAG20NATG","AA","3","ERR1536915"
"Nkx3-1","TCTTAG20NATG","AA","4","ERR1536916"
"NKX3-1","TCCCTC20NCG","AD","1","ERR1536917"
"NKX3-1","TCCCTC20NCG","AD","2","ERR1536918"
"NKX3-1","TCCCTC20NCG","AD","3","ERR1536919"
"NKX3-1","TCCCTC20NCG","AD","4","ERR1536920"
"NKX3-2","TCCAGT20NGAC","Y","1","ERR1536921"
"NKX3-2","TCCAGT20NGAC","Y","2","ERR1536922"
"NKX3-2","TCCAGT20NGAC","Y","3","ERR1536923"
"NKX3-2","TCCAGT20NGAC","Y","4","ERR1536924"
"Nkx6-1","TCGTGT20NGTT","AC","1","ERR1536925"
"Nkx6-1","TCGTGT20NGTT","AC","2","ERR1536926"
"Nkx6-1","TCGTGT20NGTT","AC","3","ERR1536927"
"Nkx6-1","TCGTGT20NGTT","AC","4","ERR1536928"
"NKX6-1","TGCGGG30NGGC","AI","1","ERR1536929"
"NKX6-1","TGCGGG30NGGC","AI","2","ERR1536930"
"NKX6-1","TGCGGG30NGGC","AI","3","ERR1536931"
"NKX6-1","TGCGGG30NGGC","AI","4","ERR1536932"
"NKX6-1","TGAAAC20NAAA","W","1","ERR1536933"
"NKX6-1","TGAAAC20NAAA","W","2","ERR1536934"
"NKX6-1","TGAAAC20NAAA","W","3","ERR1536935"
"NKX6-1","TGAAAC20NAAA","W","4","ERR1536936"
"NKX6-2","TGGCAA20NGA","AE","1","ERR1536937"
"NKX6-2","TGGCAA20NGA","AE","2","ERR1536938"
"NKX6-2","TGGCAA20NGA","AE","3","ERR1536939"
"NKX6-2","TGGCAA20NGA","AE","4","ERR1536940"
"NKX6-2","TTACAT20NTA","AF","1","ERR1536941"
"NKX6-2","TTACAT20NTA","AF","2","ERR1536942"
"NKX6-2","TTACAT20NTA","AF","3","ERR1536943"
"NKX6-2","TTACAT20NTA","AF","4","ERR1536944"
"NOTO","TGCGTT30NTGC","AI","1","ERR1536945"
"NOTO","TGCGTT30NTGC","AI","2","ERR1536946"
"NOTO","TGCGTT30NTGC","AI","3","ERR1536947"
"NOTO","TGCGTT30NTGC","AI","4","ERR1536948"
"NR2C2","TCGACT20NCAT","Z","1","ERR1536949"
"NR2C2","TCGACT20NCAT","Z","2","ERR1536950"
"NR2C2","TCGACT20NCAT","Z","3","ERR1536951"
"NR2C2","TCGACT20NCAT","Z","4","ERR1536952"
"Nr2e1","TCGCGC20NGCT","AA","1","ERR1536953"
"Nr2e1","TCGCGC20NGCT","AA","2","ERR1536954"
"Nr2e1","TCGCGC20NGCT","AA","3","ERR1536955"
"Nr2e1","TCGCGC20NGCT","AA","4","ERR1536956"
"NR2E1","TAACAA20NACA","W","1","ERR1536957"
"NR2E1","TAACAA20NACA","W","2","ERR1536958"
"NR2E1","TAACAA20NACA","W","3","ERR1536959"
"NR2E1","TAACAA20NACA","W","4","ERR1536960"
"NR2F1","TCTGAC20NGA","AE","1","ERR1536961"
"NR2F1","TCTGAC20NGA","AE","2","ERR1536962"
"NR2F1","TCTGAC20NGA","AE","3","ERR1536963"
"NR2F1","TCTGAC20NGA","AE","4","ERR1536964"
"NR2F1","TCTGAC30NAGG","AI","1","ERR1536965"
"NR2F1","TCTGAC30NAGG","AI","2","ERR1536966"
"NR2F1","TCTGAC30NAGG","AI","3","ERR1536967"
"NR2F1","TCTGAC30NAGG","AI","4","ERR1536968"
"NR2F6","TCTTGA20NGA","AE","1","ERR1536969"
"NR2F6","TCTTGA20NGA","AE","2","ERR1536970"
"NR2F6","TCTTGA20NGA","AE","3","ERR1536971"
"NR2F6","TCTTGA20NGA","AE","4","ERR1536972"
"NR2F6","TGTGGA20NGA","Y","1","ERR1536973"
"NR2F6","TGTGGA20NGA","Y","2","ERR1536974"
"NR2F6","TGTGGA20NGA","Y","3","ERR1536975"
"NR2F6","TGTGGA20NGA","Y","4","ERR1536976"
"Nr2f6","TAGTTT20NCG","Z","1","ERR1536977"
"Nr2f6","TAGTTT20NCG","Z","2","ERR1536978"
"Nr2f6","TAGTTT20NCG","Z","3","ERR1536979"
"Nr2f6","TAGTTT20NCG","Z","4","ERR1536980"
"NR3C1","TGACGA20NGCA","AG","1","ERR1536981"
"NR3C1","TGACGA20NGCA","AG","2","ERR1536982"
"NR3C1","TGACGA20NGCA","AG","3","ERR1536983"
"NR3C1","TGACGA20NGCA","AG","4","ERR1536984"
"NR3C2","TCAGAG20NAGA","AC","1","ERR1536985"
"NR3C2","TCAGAG20NAGA","AC","2","ERR1536986"
"NR3C2","TCAGAG20NAGA","AC","3","ERR1536987"
"NR3C2","TCAGAG20NAGA","AC","4","ERR1536988"
"NR4A2","TCATTG20NTTA","W","1","ERR1536989"
"NR4A2","TCATTG20NTTA","W","2","ERR1536990"
"NR4A2","TCATTG20NTTA","W","3","ERR1536991"
"NR4A2","TCATTG20NTTA","W","4","ERR1536992"
"NRF1","TAGCGA20NCG","AC","1","ERR1536993"
"NRF1","TAGCGA20NCG","AC","2","ERR1536994"
"NRF1","TAGCGA20NCG","AC","3","ERR1536995"
"NRF1","TAGCGA20NCG","AC","4","ERR1536996"
"OLIG1","TGCCTG20NTCC","Z","1","ERR1536997"
"OLIG1","TGCCTG20NTCC","Z","2","ERR1536998"
"OLIG1","TGCCTG20NTCC","Z","3","ERR1536999"
"OLIG1","TGCCTG20NTCC","Z","4","ERR1537000"
"OLIG2","TGCGCC20NGA","AE","1","ERR1537001"
"OLIG2","TGCGCC20NGA","AE","2","ERR1537002"
"OLIG2","TGCGCC20NGA","AE","3","ERR1537003"
"OLIG2","TGCGCC20NGA","AE","4","ERR1537004"
"OLIG2","TCTTTC20NGA","Y","1","ERR1537005"
"OLIG2","TCTTTC20NGA","Y","2","ERR1537006"
"OLIG2","TCTTTC20NGA","Y","3","ERR1537007"
"OLIG2","TCTTTC20NGA","Y","4","ERR1537008"
"OLIG3","TGTCCG20NGA","Y","1","ERR1537009"
"OLIG3","TGTCCG20NGA","Y","2","ERR1537010"
"OLIG3","TGTCCG20NGA","Y","3","ERR1537011"
"OLIG3","TGTCCG20NGA","Y","4","ERR1537012"
"ONECUT1","TCGCAT20NGA","AE","1","ERR1537013"
"ONECUT1","TCGCAT20NGA","AE","2","ERR1537014"
"ONECUT1","TCGCAT20NGA","AE","3","ERR1537015"
"ONECUT1","TCGCAT20NGA","AE","4","ERR1537016"
"ONECUT1","TAGCTC20NTCT","Y","1","ERR1537017"
"ONECUT1","TAGCTC20NTCT","Y","2","ERR1537018"
"ONECUT1","TAGCTC20NTCT","Y","3","ERR1537019"
"ONECUT1","TAGCTC20NTCT","Y","4","ERR1537020"
"ONECUT2","TGGGCG30NCGT","AH","1","ERR1537021"
"ONECUT2","TGGGCG30NCGT","AH","2","ERR1537022"
"ONECUT2","TGGGCG30NCGT","AH","3","ERR1537023"
"ONECUT2","TGGGCG30NCGT","AH","4","ERR1537024"
"ONECUT3","TAGAAC20NAAT","Y","1","ERR1537025"
"ONECUT3","TAGAAC20NAAT","Y","2","ERR1537026"
"ONECUT3","TAGAAC20NAAT","Y","3","ERR1537027"
"ONECUT3","TAGAAC20NAAT","Y","4","ERR1537028"
"Otx1","TCTTAG20NATG","AC","1","ERR1537029"
"Otx1","TCTTAG20NATG","AC","2","ERR1537030"
"Otx1","TCTTAG20NATG","AC","3","ERR1537031"
"Otx1","TCTTAG20NATG","AC","4","ERR1537032"
"OTX1","TGATAA20NGA","Y","1","ERR1537033"
"OTX1","TGATAA20NGA","Y","2","ERR1537034"
"OTX1","TGATAA20NGA","Y","3","ERR1537035"
"OTX1","TGATAA20NGA","Y","4","ERR1537036"
"OTX2","TATGGG20NGGG","AC","1","ERR1537037"
"OTX2","TATGGG20NGGG","AC","2","ERR1537038"
"OTX2","TATGGG20NGGG","AC","3","ERR1537039"
"OTX2","TATGGG20NGGG","AC","4","ERR1537040"
"PAX1","TAACTT20NTCA","Y","1","ERR1537041"
"PAX1","TAACTT20NTCA","Y","2","ERR1537042"
"PAX1","TAACTT20NTCA","Y","3","ERR1537043"
"PAX1","TAACTT20NTCA","Y","4","ERR1537044"
"PAX2","TCCACG20NCAC","Y","1","ERR1537045"
"PAX2","TCCACG20NCAC","Y","2","ERR1537046"
"PAX2","TCCACG20NCAC","Y","3","ERR1537047"
"PAX2","TCCACG20NCAC","Y","4","ERR1537048"
"PAX3","TTCTCT20NCTC","AF","1","ERR1537049"
"PAX3","TTCTCT20NCTC","AF","2","ERR1537050"
"PAX3","TTCTCT20NCTC","AF","3","ERR1537051"
"PAX3","TTCTCT20NCTC","AF","4","ERR1537052"
"PAX4","TCGCAT20NACT","W","1","ERR1537053"
"PAX4","TCGCAT20NACT","W","2","ERR1537054"
"PAX4","TCGCAT20NACT","W","3","ERR1537055"
"PAX4","TCGCAT20NACT","W","4","ERR1537056"
"PAX4","TATTTA20NTTG","Y","1","ERR1537057"
"PAX4","TATTTA20NTTG","Y","2","ERR1537058"
"PAX4","TATTTA20NTTG","Y","3","ERR1537059"
"PAX4","TATTTA20NTTG","Y","4","ERR1537060"
"PAX5","TACAGG20NGAC","Y","1","ERR1537061"
"PAX5","TACAGG20NGAC","Y","2","ERR1537062"
"PAX5","TACAGG20NGAC","Y","3","ERR1537063"
"PAX5","TACAGG20NGAC","Y","4","ERR1537064"
"PAX6","TCCATA20NTAC","Y","1","ERR1537065"
"PAX6","TCCATA20NTAC","Y","2","ERR1537066"
"PAX6","TCCATA20NTAC","Y","3","ERR1537067"
"PAX6","TCCATA20NTAC","Y","4","ERR1537068"
"PAX7","TAGGGC20NGGT","AE","1","ERR1537069"
"PAX7","TAGGGC20NGGT","AE","2","ERR1537070"
"PAX7","TAGGGC20NGGT","AE","3","ERR1537071"
"PAX7","TAGGGC20NGGT","AE","4","ERR1537072"
"PAX7","TCCAAC20NAAC","Y","1","ERR1537073"
"PAX7","TCCAAC20NAAC","Y","2","ERR1537074"
"PAX7","TCCAAC20NAAC","Y","3","ERR1537075"
"PAX7","TCCAAC20NAAC","Y","4","ERR1537076"
"PAX9","TCTAAT20NAAG","AG","1","ERR1537077"
"PAX9","TCTAAT20NAAG","AG","2","ERR1537078"
"PAX9","TCTAAT20NAAG","AG","3","ERR1537079"
"PAX9","TCTAAT20NAAG","AG","4","ERR1537080"
"PDX1","TGGAAT30NAAT","AI","1","ERR1537081"
"PDX1","TGGAAT30NAAT","AI","2","ERR1537082"
"PDX1","TGGAAT30NAAT","AI","3","ERR1537083"
"PDX1","TGGAAT30NAAT","AI","4","ERR1537084"
"PHOX2A","TGACTC20NGA","Y","1","ERR1537085"
"PHOX2A","TGACTC20NGA","Y","2","ERR1537086"
"PHOX2A","TGACTC20NGA","Y","3","ERR1537087"
"PHOX2A","TGACTC20NGA","Y","4","ERR1537088"
"PHOX2B","TGCTGT20NGA","AE","1","ERR1537089"
"PHOX2B","TGCTGT20NGA","AE","2","ERR1537090"
"PHOX2B","TGCTGT20NGA","AE","3","ERR1537091"
"PHOX2B","TGCTGT20NGA","AE","4","ERR1537092"
"PHOX2B","TGGTCT20NGA","Y","1","ERR1537093"
"PHOX2B","TGGTCT20NGA","Y","2","ERR1537094"
"PHOX2B","TGGTCT20NGA","Y","3","ERR1537095"
"PHOX2B","TGGTCT20NGA","Y","4","ERR1537096"
"PITX1","TGAGCA20NCGA","AF","1","ERR1537097"
"PITX1","TGAGCA20NCGA","AF","2","ERR1537098"
"PITX1","TGAGCA20NCGA","AF","3","ERR1537099"
"PITX1","TGAGCA20NCGA","AF","4","ERR1537100"
"PITX1","TCTCTT20NTCG","W","1","ERR1537101"
"PITX1","TCTCTT20NTCG","W","2","ERR1537102"
"PITX1","TCTCTT20NTCG","W","3","ERR1537103"
"PITX1","TCTCTT20NTCG","W","4","ERR1537104"
"PITX1","TCATGC20NCG","Y","1","ERR1537105"
"PITX1","TCATGC20NCG","Y","2","ERR1537106"
"PITX1","TCATGC20NCG","Y","3","ERR1537107"
"PITX1","TCATGC20NCG","Y","4","ERR1537108"
"PITX3","TGCATC20NGA","Y","1","ERR1537109"
"PITX3","TGCATC20NGA","Y","2","ERR1537110"
"PITX3","TGCATC20NGA","Y","3","ERR1537111"
"PITX3","TGCATC20NGA","Y","4","ERR1537112"
"PKNOX1","TCGCAT20NGA","Y","1","ERR1537113"
"PKNOX1","TCGCAT20NGA","Y","2","ERR1537114"
"PKNOX1","TCGCAT20NGA","Y","3","ERR1537115"
"PKNOX1","TCGCAT20NGA","Y","4","ERR1537116"
"Pknox2","TGCTCG20NCG","Q","1","ERR1537117"
"Pknox2","TGCTCG20NCG","Q","2","ERR1537118"
"Pknox2","TGCTCG20NCG","Q","3","ERR1537119"
"Pknox2","TGCTCG20NCG","Q","4","ERR1537120"
"Pknox2","TGCTCG20NCG","Q","5","ERR1537121"
"PKNOX2","TGTATT20NGA","Y","1","ERR1537122"
"PKNOX2","TGTATT20NGA","Y","2","ERR1537123"
"PKNOX2","TGTATT20NGA","Y","3","ERR1537124"
"PKNOX2","TGTATT20NGA","Y","4","ERR1537125"
"POU1F1","TACACC40NCAC","AI","1","ERR1537126"
"POU1F1","TACACC40NCAC","AI","2","ERR1537127"
"POU1F1","TACACC40NCAC","AI","3","ERR1537128"
"POU1F1","TACACC40NCAC","AI","4","ERR1537129"
"POU2F1","TCTTTC20NGA","AC","1","ERR1537130"
"POU2F1","TCTTTC20NGA","AC","2","ERR1537131"
"POU2F1","TCTTTC20NGA","AC","3","ERR1537132"
"POU2F1","TCTTTC20NGA","AC","4","ERR1537133"
"POU2F2","TGACAG20NGA","AC","1","ERR1537134"
"POU2F2","TGACAG20NGA","AC","2","ERR1537135"
"POU2F2","TGACAG20NGA","AC","3","ERR1537136"
"POU2F2","TGACAG20NGA","AC","4","ERR1537137"
"Pou2f2","TAGATA20NTAT","Z","1","ERR1537138"
"Pou2f2","TAGATA20NTAT","Z","2","ERR1537139"
"Pou2f2","TAGATA20NTAT","Z","3","ERR1537140"
"Pou2f2","TAGATA20NTAT","Z","4","ERR1537141"
"POU2F3","TAGACG20NCAT","Y","1","ERR1537142"
"POU2F3","TAGACG20NCAT","Y","2","ERR1537143"
"POU2F3","TAGACG20NCAT","Y","3","ERR1537144"
"POU2F3","TAGACG20NCAT","Y","4","ERR1537145"
"POU3F1","TAGCGA20NGCT","Y","1","ERR1537146"
"POU3F1","TAGCGA20NGCT","Y","2","ERR1537147"
"POU3F1","TAGCGA20NGCT","Y","3","ERR1537148"
"POU3F1","TAGCGA20NGCT","Y","4","ERR1537149"
"POU3F2","TGTTCA40NCTG","AI","1","ERR1537150"
"POU3F2","TGTTCA40NCTG","AI","2","ERR1537151"
"POU3F2","TGTTCA40NCTG","AI","3","ERR1537152"
"POU3F2","TGTTCA40NCTG","AI","4","ERR1537153"
"POU3F3","TCGCAT20NACT","Y","1","ERR1537154"
"POU3F3","TCGCAT20NACT","Y","2","ERR1537155"
"POU3F3","TCGCAT20NACT","Y","3","ERR1537156"
"POU3F3","TCGCAT20NACT","Y","4","ERR1537157"
"POU3F4","TACTGC20NGTC","Y","1","ERR1537158"
"POU3F4","TACTGC20NGTC","Y","2","ERR1537159"
"POU3F4","TACTGC20NGTC","Y","3","ERR1537160"
"POU3F4","TACTGC20NGTC","Y","4","ERR1537161"
"POU4F1","TACAAA20NAAC","Y","1","ERR1537162"
"POU4F1","TACAAA20NAAC","Y","2","ERR1537163"
"POU4F1","TACAAA20NAAC","Y","3","ERR1537164"
"POU4F1","TACAAA20NAAC","Y","4","ERR1537165"
"POU4F2","TGCGAA20NAGC","W","1","ERR1537166"
"POU4F2","TGCGAA20NAGC","W","2","ERR1537167"
"POU4F2","TGCGAA20NAGC","W","3","ERR1537168"
"POU4F2","TGCGAA20NAGC","W","4","ERR1537169"
"POU4F2","TACGAG20NAGC","Y","1","ERR1537170"
"POU4F2","TACGAG20NAGC","Y","2","ERR1537171"
"POU4F2","TACGAG20NAGC","Y","3","ERR1537172"
"POU4F2","TACGAG20NAGC","Y","4","ERR1537173"
"POU4F3","TACCGT20NGCC","Y","1","ERR1537174"
"POU4F3","TACCGT20NGCC","Y","2","ERR1537175"
"POU4F3","TACCGT20NGCC","Y","3","ERR1537176"
"POU4F3","TACCGT20NGCC","Y","4","ERR1537177"
"POU5F1P1","TAGAGT20NGAT","Y","1","ERR1537178"
"POU5F1P1","TAGAGT20NGAT","Y","2","ERR1537179"
"POU5F1P1","TAGAGT20NGAT","Y","3","ERR1537180"
"POU5F1P1","TAGAGT20NGAT","Y","4","ERR1537181"
"POU6F2","TATCAT20NCG","AC","1","ERR1537182"
"POU6F2","TATCAT20NCG","AC","2","ERR1537183"
"POU6F2","TATCAT20NCG","AC","3","ERR1537184"
"POU6F2","TATCAT20NCG","AC","4","ERR1537185"
"POU6F2","TGCTGT20NCG","V","1","ERR1537186"
"POU6F2","TGCTGT20NCG","V","3","ERR1537187"
"POU6F2","TGCTGT20NCG","V","4","ERR1537188"
"PRDM1","TTGAGG20NGAT","AE","1","ERR1537189"
"PRDM1","TTGAGG20NGAT","AE","2","ERR1537190"
"PRDM1","TTGAGG20NGAT","AE","3","ERR1537191"
"PRDM1","TTGAGG20NGAT","AE","4","ERR1537192"
"PRDM4","TAGCAG20NCG","AC","1","ERR1537193"
"PRDM4","TAGCAG20NCG","AC","2","ERR1537194"
"PRDM4","TAGCAG20NCG","AC","3","ERR1537195"
"PRDM4","TAGCAG20NCG","AC","4","ERR1537196"
"PROP1","TGTATT20NGA","AE","1","ERR1537197"
"PROP1","TGTATT20NGA","AE","2","ERR1537198"
"PROP1","TGTATT20NGA","AE","3","ERR1537199"
"PROP1","TGTATT20NGA","AE","4","ERR1537200"
"PROP1","TCCCGA30NGCC","AI","1","ERR1537201"
"PROP1","TCCCGA30NGCC","AI","2","ERR1537202"
"PROP1","TCCCGA30NGCC","AI","3","ERR1537203"
"PROP1","TCCCGA30NGCC","AI","4","ERR1537204"
"PROX1","TGCAGA20NGA","AF","1","ERR1537205"
"PROX1","TGCAGA20NGA","AF","2","ERR1537206"
"PROX1","TGCAGA20NGA","AF","3","ERR1537207"
"PROX1","TGCAGA20NGA","AF","4","ERR1537208"
"PRRX1","TAACGG20NGCA","AC","1","ERR1537209"
"PRRX1","TAACGG20NGCA","AC","2","ERR1537210"
"PRRX1","TAACGG20NGCA","AC","3","ERR1537211"
"PRRX1","TAACGG20NGCA","AC","4","ERR1537212"
"PRRX1","TTCCCC20NTA","AD","1","ERR1537213"
"PRRX1","TTCCCC20NTA","AD","2","ERR1537214"
"PRRX1","TTCCCC20NTA","AD","3","ERR1537215"
"PRRX1","TTCCCC20NTA","AD","4","ERR1537216"
"PRRX2","TGGGGT20NGA","AE","1","ERR1537217"
"PRRX2","TGGGGT20NGA","AE","2","ERR1537218"
"PRRX2","TGGGGT20NGA","AE","3","ERR1537219"
"PRRX2","TGGGGT20NGA","AE","4","ERR1537220"
"Prrx2","TATGAA20NAGG","Z","1","ERR1537221"
"Prrx2","TATGAA20NAGG","Z","2","ERR1537222"
"Prrx2","TATGAA20NAGG","Z","3","ERR1537223"
"Prrx2","TATGAA20NAGG","Z","4","ERR1537224"
"RARA","TATAGA20NCG","AD","1","ERR1537225"
"RARA","TATAGA20NCG","AD","2","ERR1537226"
"RARA","TATAGA20NCG","AD","3","ERR1537227"
"RARA","TATAGA20NCG","AD","4","ERR1537228"
"Rara","TCGGTT20NCG","P","1","ERR1537229"
"Rara","TCGGTT20NCG","P","2","ERR1537230"
"Rara","TCGGTT20NCG","P","3","ERR1537231"
"Rara","TCGGTT20NCG","P","4","ERR1537232"
"RARA","TAAAAT20NTA","Q","1","ERR1537233"
"RARA","TAAAAT20NTA","Q","2","ERR1537234"
"RARA","TAAAAT20NTA","Q","3","ERR1537235"
"RARA","TAAAAT20NTA","Q","4","ERR1537236"
"Rarb","TCGTGT20NCG","P","1","ERR1537237"
"Rarb","TCGTGT20NCG","P","2","ERR1537238"
"Rarb","TCGTGT20NCG","P","3","ERR1537239"
"Rarb","TCGTGT20NCG","P","4","ERR1537240"
"RARB","TAGTTT20NTTT","W","1","ERR1537241"
"RARB","TAGTTT20NTTT","W","2","ERR1537242"
"RARB","TAGTTT20NTTT","W","3","ERR1537243"
"RARB","TAGTTT20NTTT","W","4","ERR1537244"
"RARG","TCGGGG20NGA","AE","1","ERR1537245"
"RARG","TCGGGG20NGA","AE","2","ERR1537246"
"RARG","TCGGGG20NGA","AE","3","ERR1537247"
"RARG","TCGGGG20NGA","AE","4","ERR1537248"
"RARG","TGTTAT20NGA","Y","1","ERR1537249"
"RARG","TGTTAT20NGA","Y","2","ERR1537250"
"RARG","TGTTAT20NGA","Y","3","ERR1537251"
"Rarg","TATCTG20NTCG","Z","1","ERR1537252"
"Rarg","TATCTG20NTCG","Z","2","ERR1537253"
"Rarg","TATCTG20NTCG","Z","3","ERR1537254"
"Rarg","TATCTG20NTCG","Z","4","ERR1537255"
"RAX","TGGTAG20NATT","Z","1","ERR1537256"
"RAX","TGGTAG20NATT","Z","2","ERR1537257"
"RAX","TGGTAG20NATT","Z","3","ERR1537258"
"RAX","TGGTAG20NATT","Z","4","ERR1537259"
"RAXL1","TACTCA20NTA","Q","1","ERR1537260"
"RAXL1","TACTCA20NTA","Q","2","ERR1537261"
"RAXL1","TACTCA20NTA","Q","3","ERR1537262"
"RAXL1","TACTCA20NTA","Q","4","ERR1537263"
"Rfx2","TGGTAG20NATT","AC","1","ERR1537264"
"Rfx2","TGGTAG20NATT","AC","2","ERR1537265"
"Rfx2","TGGTAG20NATT","AC","3","ERR1537266"
"Rfx2","TGGTAG20NATT","AC","4","ERR1537267"
"RFX2","TAACCC20NCCA","Y","1","ERR1537268"
"RFX2","TAACCC20NCCA","Y","2","ERR1537269"
"RFX2","TAACCC20NCCA","Y","3","ERR1537270"
"RFX2","TAACCC20NCCA","Y","4","ERR1537271"
"RFX3","TGGCTT20NGA","AC","1","ERR1537272"
"RFX3","TGGCTT20NGA","AC","2","ERR1537273"
"RFX3","TGGCTT20NGA","AC","3","ERR1537274"
"RFX3","TGGCTT20NGA","AC","4","ERR1537275"
"Rfx3","TGGGTA20NCG","P","1","ERR1537276"
"Rfx3","TGGGTA20NCG","P","2","ERR1537277"
"Rfx3","TGGGTA20NCG","P","3","ERR1537278"
"Rfx3","TGGGTA20NCG","P","4","ERR1537279"
"Rfx3","TGGGTA20NCG","P","5","ERR1537280"
"RFX5","TGGAGC30NGAT","AI","1","ERR1537281"
"RFX5","TGGAGC30NGAT","AI","2","ERR1537282"
"RFX5","TGGAGC30NGAT","AI","3","ERR1537283"
"RFX5","TGGAGC30NGAT","AI","4","ERR1537284"
"Rhox11","TGGCCC20NCG","P","1","ERR1537285"
"Rhox11","TGGCCC20NCG","P","2","ERR1537286"
"Rhox11","TGGCCC20NCG","P","3","ERR1537287"
"Rhox11","TGGCCC20NCG","P","4","ERR1537288"
"RHOXF1","TTAGAA20NTA","AE","1","ERR1537289"
"RHOXF1","TTAGAA20NTA","AE","2","ERR1537290"
"RHOXF1","TTAGAA20NTA","AE","3","ERR1537291"
"RHOXF1","TTAGAA20NTA","AE","4","ERR1537292"
"RHOXF1","TGGATG30NTAT","AI","1","ERR1537293"
"RHOXF1","TGGATG30NTAT","AI","2","ERR1537294"
"RHOXF1","TGGATG30NTAT","AI","3","ERR1537295"
"RHOXF1","TGGATG30NTAT","AI","4","ERR1537296"
"RORA","TCTGTA30NTGG","AI","1","ERR1537297"
"RORA","TCTGTA30NTGG","AI","2","ERR1537298"
"RORA","TCTGTA30NTGG","AI","3","ERR1537299"
"RORA","TCTGTA30NTGG","AI","4","ERR1537300"
"RUNX2","TACCTA40NTCC","AI","1","ERR1537301"
"RUNX2","TACCTA40NTCC","AI","2","ERR1537302"
"RUNX2","TACCTA40NTCC","AI","3","ERR1537303"
"RUNX2","TACCTA40NTCC","AI","4","ERR1537304"
"RUNX3","TCTCCC20NGA","AE","1","ERR1537305"
"RUNX3","TCTCCC20NGA","AE","2","ERR1537306"
"RUNX3","TCTCCC20NGA","AE","3","ERR1537307"
"RUNX3","TCTCCC20NGA","AE","4","ERR1537308"
"RUNX3","TACGGA30NGGC","AI","1","ERR1537309"
"RUNX3","TACGGA30NGGC","AI","2","ERR1537310"
"RUNX3","TACGGA30NGGC","AI","3","ERR1537311"
"RUNX3","TACGGA30NGGC","AI","4","ERR1537312"
"RXRA","TCACGT30NGCA","AH","1","ERR1537313"
"RXRA","TCACGT30NGCA","AH","2","ERR1537314"
"RXRA","TCACGT30NGCA","AH","3","ERR1537315"
"RXRA","TCACGT30NGCA","AH","4","ERR1537316"
"RXRA","TCTACA40NCAG","AI","1","ERR1537317"
"RXRA","TCTACA40NCAG","AI","2","ERR1537318"
"RXRA","TCTACA40NCAG","AI","3","ERR1537319"
"RXRA","TCTACA40NCAG","AI","4","ERR1537320"
"Rxra","AAGAC14N","T","1","ERR1537321"
"Rxra","AAGAC14N","T","2","ERR1537322"
"Rxra","AAGAC14N","T","3","ERR1537323"
"Rxra","AAGAC14N","T","4","ERR1537324"
"Rxrb","CAATT14N","T","1","ERR1537325"
"Rxrb","CAATT14N","T","2","ERR1537326"
"Rxrb","CAATT14N","T","3","ERR1537327"
"Rxrb","CAATT14N","T","4","ERR1537328"
"RXRB","TGAGCA20NGA","Y","1","ERR1537329"
"RXRB","TGAGCA20NGA","Y","2","ERR1537330"
"RXRB","TGAGCA20NGA","Y","3","ERR1537331"
"RXRB","TGAGCA20NGA","Y","4","ERR1537332"
"RXRG","TTCTCT20NTA","AD","1","ERR1537333"
"RXRG","TTCTCT20NTA","AD","2","ERR1537334"
"RXRG","TTCTCT20NTA","AD","3","ERR1537335"
"RXRG","TTCTCT20NTA","AD","4","ERR1537336"
"RXRG","TGGAAT20NGA","Y","2","ERR1537337"
"RXRG","TGGAAT20NGA","Y","3","ERR1537338"
"RXRG","TGGAAT20NGA","Y","4","ERR1537339"
"SCRT1","TCTTAG20NATG","Y","1","ERR1537340"
"SCRT1","TCTTAG20NATG","Y","2","ERR1537341"
"SCRT1","TCTTAG20NATG","Y","3","ERR1537342"
"SCRT1","TCTTAG20NATG","Y","4","ERR1537343"
"SCRT2","TGGGCG20NCGT","Y","1","ERR1537344"
"SCRT2","TGGGCG20NCGT","Y","2","ERR1537345"
"SCRT2","TGGGCG20NCGT","Y","4","ERR1537346"
"SHOX","TAAGGT20NGGA","AC","1","ERR1537347"
"SHOX","TAAGGT20NGGA","AC","2","ERR1537348"
"SHOX","TAAGGT20NGGA","AC","3","ERR1537349"
"SHOX","TAAGGT20NGGA","AC","4","ERR1537350"
"SHOX2","TACGTC20NTGC","Y","1","ERR1537351"
"SHOX2","TACGTC20NTGC","Y","2","ERR1537352"
"SHOX2","TACGTC20NTGC","Y","3","ERR1537353"
"SHOX2","TACGTC20NTGC","Y","4","ERR1537354"
"Shox2","TCCCAG20NACC","Z","1","ERR1537355"
"Shox2","TCCCAG20NACC","Z","2","ERR1537356"
"Shox2","TCCCAG20NACC","Z","3","ERR1537357"
"Shox2","TCCCAG20NACC","Z","4","ERR1537358"
"SMAD3","TGGGTA20NGA","AC","1","ERR1537359"
"SMAD3","TGGGTA20NGA","AC","2","ERR1537360"
"SMAD3","TGGGTA20NGA","AC","3","ERR1537361"
"SMAD3","TGGGTA20NGA","AC","4","ERR1537362"
"Sox1","TGTCTA20NTCG","AC","1","ERR1537363"
"Sox1","TGTCTA20NTCG","AC","2","ERR1537364"
"Sox1","TGTCTA20NTCG","AC","3","ERR1537365"
"Sox1","TGTCTA20NTCG","AC","4","ERR1537366"
"SOX10","TGATTT20NTTA","AF","1","ERR1537367"
"SOX10","TGATTT20NTTA","AF","2","ERR1537368"
"SOX10","TGATTT20NTTA","AF","3","ERR1537369"
"SOX10","TGATTT20NTTA","AF","4","ERR1537370"
"Sox10","TGCTGT20NCG","P","1","ERR1537371"
"Sox10","TGCTGT20NCG","P","2","ERR1537372"
"Sox10","TGCTGT20NCG","P","3","ERR1537373"
"Sox10","TGCTGT20NCG","P","4","ERR1537374"
"Sox10","TGCTGT20NCG","P","5","ERR1537375"
"Sox11","TCTTCT20NGA","AF","1","ERR1537376"
"Sox11","TCTTCT20NGA","AF","2","ERR1537377"
"Sox11","TCTTCT20NGA","AF","3","ERR1537378"
"Sox11","TCTTCT20NGA","AF","4","ERR1537379"
"SOX14","TACCTA30NTCC","AH","1","ERR1537380"
"SOX14","TACCTA30NTCC","AH","2","ERR1537381"
"SOX14","TACCTA30NTCC","AH","3","ERR1537382"
"SOX14","TACCTA30NTCC","AH","4","ERR1537383"
"SOX15","TGTTCA20NCTG","AF","1","ERR1537384"
"SOX15","TGTTCA20NCTG","AF","2","ERR1537385"
"SOX15","TGTTCA20NCTG","AF","3","ERR1537386"
"SOX15","TGTTCA20NCTG","AF","4","ERR1537387"
"Sox17","TATTGT20NGTG","AF","1","ERR1537388"
"Sox17","TATTGT20NGTG","AF","2","ERR1537389"
"Sox17","TATTGT20NGTG","AF","3","ERR1537390"
"Sox17","TATTGT20NGTG","AF","4","ERR1537391"
"SOX18","TGTGTC20NTGG","AE","1","ERR1537392"
"SOX18","TGTGTC20NTGG","AE","2","ERR1537393"
"SOX18","TGTGTC20NTGG","AE","3","ERR1537394"
"SOX18","TGTGTC20NTGG","AE","4","ERR1537395"
"SOX2","TAGTAA20NATT","AC","1","ERR1537396"
"SOX2","TAGTAA20NATT","AC","2","ERR1537397"
"SOX2","TAGTAA20NATT","AC","3","ERR1537398"
"SOX2","TAGTAA20NATT","AC","4","ERR1537399"
"SOX2","TCCCCT20NCCC","AC","1","ERR1537400"
"SOX2","TCCCCT20NCCC","AC","2","ERR1537401"
"SOX2","TCCCCT20NCCC","AC","3","ERR1537402"
"SOX2","TCCCCT20NCCC","AC","4","ERR1537403"
"SOX2","TGAATA20NTAA","AF","1","ERR1537404"
"SOX2","TGAATA20NTAA","AF","2","ERR1537405"
"SOX2","TGAATA20NTAA","AF","3","ERR1537406"
"SOX2","TGAATA20NTAA","AF","4","ERR1537407"
"SOX21","TCAAAA40NAAA","AI","1","ERR1537408"
"SOX21","TCAAAA40NAAA","AI","2","ERR1537409"
"SOX21","TCAAAA40NAAA","AI","3","ERR1537410"
"SOX21","TCAAAA40NAAA","AI","4","ERR1537411"
"Sox3","TGGGGT20NCG","Q","1","ERR1537412"
"Sox3","TGGGGT20NCG","Q","2","ERR1537413"
"Sox3","TGGGGT20NCG","Q","3","ERR1537414"
"Sox3","TGGGGT20NCG","Q","4","ERR1537415"
"SOX4","TATCGC30NGCG","AH","1","ERR1537416"
"SOX4","TATCGC30NGCG","AH","2","ERR1537417"
"SOX4","TATCGC30NGCG","AH","3","ERR1537418"
"SOX4","TATCGC30NGCG","AH","4","ERR1537419"
"SOX7","TGAGGC20NGGA","AF","1","ERR1537420"
"SOX7","TGAGGC20NGGA","AF","2","ERR1537421"
"SOX7","TGAGGC20NGGA","AF","3","ERR1537422"
"SOX7","TGAGGC20NGGA","AF","4","ERR1537423"
"SOX8","TGTCTA20NTCG","AE","1","ERR1537424"
"SOX8","TGTCTA20NTCG","AE","2","ERR1537425"
"SOX8","TGTCTA20NTCG","AE","3","ERR1537426"
"SOX8","TGTCTA20NTCG","AE","4","ERR1537427"
"SOX8","TCTTTC30NTTG","AI","1","ERR1537428"
"SOX8","TCTTTC30NTTG","AI","2","ERR1537429"
"SOX8","TCTTTC30NTTG","AI","3","ERR1537430"
"SOX8","TCTTTC30NTTG","AI","4","ERR1537431"
"SOX9","TGGGGT20NGGT","W","1","ERR1537432"
"SOX9","TGGGGT20NGGT","W","2","ERR1537433"
"SOX9","TGGGGT20NGGT","W","3","ERR1537434"
"SOX9","TGGGGT20NGGT","W","4","ERR1537435"
"SP4","TTATGT20NGTA","AE","1","ERR1537436"
"SP4","TTATGT20NGTA","AE","2","ERR1537437"
"SP4","TTATGT20NGTA","AE","3","ERR1537438"
"SP4","TTATGT20NGTA","AE","4","ERR1537439"
"SP8","TGCTCG20NCTC","Y","1","ERR1537440"
"SP8","TGCTCG20NCTC","Y","2","ERR1537441"
"SP8","TGCTCG20NCTC","Y","3","ERR1537442"
"SP8","TGCTCG20NCTC","Y","4","ERR1537443"
"SPDEF","TCATTG20NCG","AD","1","ERR1537444"
"SPDEF","TCATTG20NCG","AD","2","ERR1537445"
"SPDEF","TCATTG20NCG","AD","3","ERR1537446"
"SPDEF","TCATTG20NCG","AD","4","ERR1537447"
"SPDEF","TCGCTG20NTCT","AD","1","ERR1537448"
"SPDEF","TCGCTG20NTCT","AD","2","ERR1537449"
"SPDEF","TCGCTG20NTCT","AD","3","ERR1537450"
"SPDEF","TCGCTG20NTCT","AD","4","ERR1537451"
"SPI1","TCCCCT20NCG","AD","1","ERR1537452"
"SPI1","TCCCCT20NCG","AD","2","ERR1537453"
"SPI1","TCCCCT20NCG","AD","3","ERR1537454"
"SPI1","TCCCCT20NCG","AD","4","ERR1537455"
"SPIC","TAGGCA20NCG","AD","1","ERR1537456"
"SPIC","TAGGCA20NCG","AD","2","ERR1537457"
"SPIC","TAGGCA20NCG","AD","3","ERR1537458"
"SPIC","TAGGCA20NCG","AD","4","ERR1537459"
"Spic","TATAGA20NCG","Z","1","ERR1537460"
"Spic","TATAGA20NCG","Z","2","ERR1537461"
"Spic","TATAGA20NCG","Z","3","ERR1537462"
"Spic","TATAGA20NCG","Z","4","ERR1537463"
"Srebf1","TACATT20NCG","Z","1","ERR1537464"
"Srebf1","TACATT20NCG","Z","2","ERR1537465"
"Srebf1","TACATT20NCG","Z","3","ERR1537466"
"Srebf1","TACATT20NCG","Z","4","ERR1537467"
"SREBF2","TGAGAT20NGA","Y","1","ERR1537468"
"SREBF2","TGAGAT20NGA","Y","2","ERR1537469"
"SREBF2","TGAGAT20NGA","Y","3","ERR1537470"
"SREBF2","TGAGAT20NGA","Y","4","ERR1537471"
"SRF","TGGAAT20NAAT","W","1","ERR1537472"
"SRF","TGGAAT20NAAT","W","3","ERR1537473"
"SRF","TGGAAT20NAAT","W","4","ERR1537474"
"SRF","TGAACG20NGA","Y","1","ERR1537475"
"SRF","TGAACG20NGA","Y","2","ERR1537476"
"SRF","TGAACG20NGA","Y","3","ERR1537477"
"SRF","TGAACG20NGA","Y","4","ERR1537478"
"SRY","TACTGC30NGTC","AH","1","ERR1537479"
"SRY","TACTGC30NGTC","AH","2","ERR1537480"
"SRY","TACTGC30NGTC","AH","3","ERR1537481"
"SRY","TACTGC30NGTC","AH","4","ERR1537482"
"T","TGGGCG20NCGT","W","1","ERR1537483"
"T","TGGGCG20NCGT","W","2","ERR1537484"
"T","TGGGCG20NCGT","W","3","ERR1537485"
"T","TGGGCG20NCGT","W","4","ERR1537486"
"TBR1","TTGCAC20NACT","AE","1","ERR1537487"
"TBR1","TTGCAC20NACT","AE","2","ERR1537488"
"TBR1","TTGCAC20NACT","AE","3","ERR1537489"
"TBR1","TTGCAC20NACT","AE","4","ERR1537490"
"TBR1","TCACAC20NACA","Z","1","ERR1537491"
"TBR1","TCACAC20NACA","Z","2","ERR1537492"
"TBR1","TCACAC20NACA","Z","3","ERR1537493"
"TBR1","TCACAC20NACA","Z","4","ERR1537494"
"TBX1","TACGGA40NGGC","AI","1","ERR1537495"
"TBX1","TACGGA40NGGC","AI","2","ERR1537496"
"TBX1","TACGGA40NGGC","AI","3","ERR1537497"
"TBX1","TACGGA40NGGC","AI","4","ERR1537498"
"TBX15","TACGTC40NTGC","AI","1","ERR1537499"
"TBX15","TACGTC40NTGC","AI","2","ERR1537500"
"TBX15","TACGTC40NTGC","AI","3","ERR1537501"
"TBX15","TACGTC40NTGC","AI","4","ERR1537502"
"TBX19","TACTAT40NATC","AI","1","ERR1537503"
"TBX19","TACTAT40NATC","AI","2","ERR1537504"
"TBX19","TACTAT40NATC","AI","3","ERR1537505"
"TBX19","TACTAT40NATC","AI","4","ERR1537506"
"TBX2","TCTATG20NTAG","AF","1","ERR1537507"
"TBX2","TCTATG20NTAG","AF","2","ERR1537508"
"TBX2","TCTATG20NTAG","AF","3","ERR1537509"
"TBX2","TCTATG20NTAG","AF","4","ERR1537510"
"TBX20","TCTTCT20NCTG","AE","1","ERR1537511"
"TBX20","TCTTCT20NCTG","AE","2","ERR1537512"
"TBX20","TCTTCT20NCTG","AE","3","ERR1537513"
"TBX20","TCTTCT20NCTG","AE","4","ERR1537514"
"TBX20","TACTCA40NCTC","AI","1","ERR1537515"
"TBX20","TACTCA40NCTC","AI","2","ERR1537516"
"TBX20","TACTCA40NCTC","AI","3","ERR1537517"
"TBX20","TACTCA40NCTC","AI","4","ERR1537518"
"TBX21","TGGTCT20NCTT","AD","1","ERR1537519"
"TBX21","TGGTCT20NCTT","AD","2","ERR1537520"
"TBX21","TGGTCT20NCTT","AD","3","ERR1537521"
"TBX21","TGGTCT20NCTT","AD","4","ERR1537522"
"TBX21","TACTGC40NGTC","AI","1","ERR1537523"
"TBX21","TACTGC40NGTC","AI","2","ERR1537524"
"TBX21","TACTGC40NGTC","AI","3","ERR1537525"
"TBX21","TACTGC40NGTC","AI","4","ERR1537526"
"TBX4","TACTTG40NTTC","AI","1","ERR1537527"
"TBX4","TACTTG40NTTC","AI","2","ERR1537528"
"TBX4","TACTTG40NTTC","AI","3","ERR1537529"
"TBX4","TACTTG40NTTC","AI","4","ERR1537530"
"TBX5","TAGAAC40NAAT","AI","1","ERR1537531"
"TBX5","TAGAAC40NAAT","AI","2","ERR1537532"
"TBX5","TAGAAC40NAAT","AI","3","ERR1537533"
"TBX5","TAGAAC40NAAT","AI","4","ERR1537534"
"Tcf21","TCCGTG20NTGC","Z","1","ERR1537535"
"Tcf21","TCCGTG20NTGC","Z","2","ERR1537536"
"Tcf21","TCCGTG20NTGC","Z","3","ERR1537537"
"Tcf21","TCCGTG20NTGC","Z","4","ERR1537538"
"TCF3","TACCCG20NCCC","Y","1","ERR1537539"
"TCF3","TACCCG20NCCC","Y","2","ERR1537540"
"TCF3","TACCCG20NCCC","Y","3","ERR1537541"
"TCF3","TACCCG20NCCC","Y","4","ERR1537542"
"TCF4","TTGCCG20NCCT","AE","1","ERR1537543"
"TCF4","TTGCCG20NCCT","AE","2","ERR1537544"
"TCF4","TTGCCG20NCCT","AE","3","ERR1537545"
"TCF4","TTGCCG20NCCT","AE","4","ERR1537546"
"TCF4","TGCGAA20NGA","W","1","ERR1537547"
"TCF4","TGCGAA20NGA","W","2","ERR1537548"
"TCF4","TGCGAA20NGA","W","3","ERR1537549"
"TCF4","TGCGAA20NGA","W","4","ERR1537550"
"Tcf7","TATATC20NCG","AC","1","ERR1537551"
"Tcf7","TATATC20NCG","AC","2","ERR1537552"
"Tcf7","TATATC20NCG","AC","3","ERR1537553"
"Tcf7","TATATC20NCG","AC","4","ERR1537554"
"TCF7L1","TGGACA20NCAT","AD","1","ERR1537555"
"TCF7L1","TGGACA20NCAT","AD","2","ERR1537556"
"TCF7L1","TGGACA20NCAT","AD","3","ERR1537557"
"TCF7L1","TGGACA20NCAT","AD","4","ERR1537558"
"Tcfap2a","TGATCC20NCG","P","1","ERR1537559"
"Tcfap2a","TGATCC20NCG","P","2","ERR1537560"
"Tcfap2a","TGATCC20NCG","P","3","ERR1537561"
"Tcfap2a","TGATCC20NCG","P","4","ERR1537562"
"TEAD1","TCTTAG20NATG","W","1","ERR1537563"
"TEAD1","TCTTAG20NATG","W","2","ERR1537564"
"TEAD1","TCTTAG20NATG","W","3","ERR1537565"
"TEAD1","TCTTAG20NATG","W","4","ERR1537566"
"TEAD3","TATAAG40NAAG","AI","1","ERR1537567"
"TEAD3","TATAAG40NAAG","AI","2","ERR1537568"
"TEAD3","TATAAG40NAAG","AI","3","ERR1537569"
"TEAD3","TATAAG40NAAG","AI","4","ERR1537570"
"TEAD4","TGATTT20NTTA","Y","1","ERR1537571"
"TEAD4","TGATTT20NTTA","Y","2","ERR1537572"
"TEAD4","TGATTT20NTTA","Y","3","ERR1537573"
"TEAD4","TGATTT20NTTA","Y","4","ERR1537574"
"TEF","TATAAG20NTA","Q","1","ERR1537575"
"TEF","TATAAG20NTA","Q","2","ERR1537576"
"TEF","TATAAG20NTA","Q","3","ERR1537577"
"TEF","TATAAG20NTA","Q","4","ERR1537578"
"TEF","AGGTG14N","S","3","ERR1537579"
"TEF","AGGTG14N","S","4","ERR1537580"
"TFAP2A","TTGCAC20NTA","AF","1","ERR1537581"
"TFAP2A","TTGCAC20NTA","AF","2","ERR1537582"
"TFAP2A","TTGCAC20NTA","AF","3","ERR1537583"
"TFAP2A","TTGCAC20NTA","AF","4","ERR1537584"
"TFAP2B","TCGTTA20NTTT","Y","1","ERR1537585"
"TFAP2B","TCGTTA20NTTT","Y","2","ERR1537586"
"TFAP2B","TCGTTA20NTTT","Y","3","ERR1537587"
"TFAP2B","TCGTTA20NTTT","Y","4","ERR1537588"
"TFAP2C","TGTCGT20NGCG","AE","1","ERR1537589"
"TFAP2C","TGTCGT20NGCG","AE","2","ERR1537590"
"TFAP2C","TGTCGT20NGCG","AE","3","ERR1537591"
"TFAP2C","TGTCGT20NGCG","AE","4","ERR1537592"
"TFAP2C","TCTACA20NCAG","Y","1","ERR1537593"
"TFAP2C","TCTACA20NCAG","Y","2","ERR1537594"
"TFAP2C","TCTACA20NCAG","Y","3","ERR1537595"
"TFAP2C","TCTACA20NCAG","Y","4","ERR1537596"
"TFAP4","TCACGT20NGCA","AC","1","ERR1537597"
"TFAP4","TCACGT20NGCA","AC","2","ERR1537598"
"TFAP4","TCACGT20NGCA","AC","3","ERR1537599"
"TFAP4","TCACGT20NGCA","AC","4","ERR1537600"
"TFAP4","CATTG14N","S","1","ERR1537601"
"TFAP4","CATTG14N","S","2","ERR1537602"
"TFAP4","CATTG14N","S","3","ERR1537603"
"TFAP4","CATTG14N","S","4","ERR1537604"
"TFCP2","TAGATA20NCG","AD","1","ERR1537605"
"TFCP2","TAGATA20NCG","AD","2","ERR1537606"
"TFCP2","TAGATA20NCG","AD","3","ERR1537607"
"TFCP2","TAGATA20NCG","AD","4","ERR1537608"
"TFE3","TACCGT20NTA","Q","1","ERR1537609"
"TFE3","TACCGT20NTA","Q","2","ERR1537610"
"TFE3","TACCGT20NTA","Q","3","ERR1537611"
"TFE3","TACCGT20NTA","Q","4","ERR1537612"
"TFEB","TAGTTT20NCG","W","2","ERR1537613"
"TFEB","TAGTTT20NCG","W","3","ERR1537614"
"TFEB","TAGTTT20NCG","W","4","ERR1537615"
"TFEC","TAGTGG20NGTT","AF","1","ERR1537616"
"TFEC","TAGTGG20NGTT","AF","2","ERR1537617"
"TFEC","TAGTGG20NGTT","AF","3","ERR1537618"
"TFEC","TAGTGG20NGTT","AF","4","ERR1537619"
"TGIF1","TATGGG20NGGG","Y","1","ERR1537620"
"TGIF1","TATGGG20NGGG","Y","2","ERR1537621"
"TGIF1","TATGGG20NGGG","Y","3","ERR1537622"
"TGIF1","TATGGG20NGGG","Y","4","ERR1537623"
"TGIF2","TGAACG30NCAA","AI","1","ERR1537624"
"TGIF2","TGAACG30NCAA","AI","2","ERR1537625"
"TGIF2","TGAACG30NCAA","AI","3","ERR1537626"
"TGIF2","TGAACG30NCAA","AI","4","ERR1537627"
"TGIF2LX","TGATAA20NATA","AE","1","ERR1537628"
"TGIF2LX","TGATAA20NATA","AE","2","ERR1537629"
"TGIF2LX","TGATAA20NATA","AE","3","ERR1537630"
"TGIF2LX","TGATAA20NATA","AE","4","ERR1537631"
"THRA","TCGGCC40NCGT","AI","1","ERR1537632"
"THRA","TCGGCC40NCGT","AI","2","ERR1537633"
"THRA","TCGGCC40NCGT","AI","3","ERR1537634"
"THRA","TCGGCC40NCGT","AI","4","ERR1537635"
"THRB","TGGCAA30NACT","AI","1","ERR1537636"
"THRB","TGGCAA30NACT","AI","2","ERR1537637"
"THRB","TGGCAA30NACT","AI","3","ERR1537638"
"THRB","TGGCAA30NACT","AI","4","ERR1537639"
"UNCX","TGCAAG20NGA","AF","1","ERR1537640"
"UNCX","TGCAAG20NGA","AF","2","ERR1537641"
"UNCX","TGCAAG20NGA","AF","3","ERR1537642"
"UNCX","TGCAAG20NGA","AF","4","ERR1537643"
"Uncx","TGGAGC20NCG","P","1","ERR1537644"
"Uncx","TGGAGC20NCG","P","2","ERR1537645"
"Uncx","TGGAGC20NCG","P","3","ERR1537646"
"Uncx","TGGAGC20NCG","P","4","ERR1537647"
"USF1","TGACGA20NGCA","Z","1","ERR1537648"
"USF1","TGACGA20NGCA","Z","2","ERR1537649"
"USF1","TGACGA20NGCA","Z","3","ERR1537650"
"USF1","TGACGA20NGCA","Z","4","ERR1537651"
"VAX1","TGCCAT20NACC","Z","1","ERR1537652"
"VAX1","TGCCAT20NACC","Z","2","ERR1537653"
"VAX1","TGCCAT20NACC","Z","3","ERR1537654"
"VAX1","TGCCAT20NACC","Z","4","ERR1537655"
"VAX2","TGGTAG20NATT","AF","1","ERR1537656"
"VAX2","TGGTAG20NATT","AF","2","ERR1537657"
"VAX2","TGGTAG20NATT","AF","3","ERR1537658"
"VAX2","TGGTAG20NATT","AF","4","ERR1537659"
"VDR","TATTGT20NCG","AC","1","ERR1537660"
"VDR","TATTGT20NCG","AC","2","ERR1537661"
"VDR","TATTGT20NCG","AC","3","ERR1537662"
"VDR","TATTGT20NCG","AC","4","ERR1537663"
"Vdr","TCCGCA20NCG","Z","1","ERR1537664"
"Vdr","TCCGCA20NCG","Z","2","ERR1537665"
"Vdr","TCCGCA20NCG","Z","3","ERR1537666"
"Vdr","TCCGCA20NCG","Z","4","ERR1537667"
"VENTX","TGAAGT30NGAA","AI","1","ERR1537668"
"VENTX","TGAAGT30NGAA","AI","2","ERR1537669"
"VENTX","TGAAGT30NGAA","AI","3","ERR1537670"
"VENTX","TGAAGT30NGAA","AI","4","ERR1537671"
"VSX1","TCGGGG20NGGT","AE","1","ERR1537672"
"VSX1","TCGGGG20NGGT","AE","2","ERR1537673"
"VSX1","TCGGGG20NGGT","AE","3","ERR1537674"
"VSX1","TCGGGG20NGGT","AE","4","ERR1537675"
"Vsx1","TGCAGA20NCG","P","1","ERR1537676"
"Vsx1","TGCAGA20NCG","P","2","ERR1537677"
"Vsx1","TGCAGA20NCG","P","3","ERR1537678"
"Vsx1","TGCAGA20NCG","P","4","ERR1537679"
"VSX1","TGGTTC20NTTT","Z","1","ERR1537680"
"VSX1","TGGTTC20NTTT","Z","2","ERR1537681"
"VSX1","TGGTTC20NTTT","Z","3","ERR1537682"
"VSX1","TGGTTC20NTTT","Z","4","ERR1537683"
"VSX2","TCTCCC20NCCG","Z","1","ERR1537684"
"VSX2","TCTCCC20NCCG","Z","2","ERR1537685"
"VSX2","TCTCCC20NCCG","Z","3","ERR1537686"
"VSX2","TCTCCC20NCCG","Z","4","ERR1537687"
"XBP1","TGTTCA20NGA","AC","1","ERR1537688"
"XBP1","TGTTCA20NGA","AC","2","ERR1537689"
"XBP1","TGTTCA20NGA","AC","3","ERR1537690"
"XBP1","TGTTCA20NGA","AC","4","ERR1537691"
"YY1","TCCGGC20NCG","AC","1","ERR1537692"
"YY1","TCCGGC20NCG","AC","2","ERR1537693"
"YY1","TCCGGC20NCG","AC","3","ERR1537694"
"YY1","TCCGGC20NCG","AC","4","ERR1537695"
"YY2","TGAGCA20NGA","AE","1","ERR1537696"
"YY2","TGAGCA20NGA","AE","2","ERR1537697"
"YY2","TGAGCA20NGA","AE","3","ERR1537698"
"YY2","TGAGCA20NGA","AE","4","ERR1537699"
"YY2","TCTTTC20NTTG","Y","1","ERR1537700"
"YY2","TCTTTC20NTTG","Y","2","ERR1537701"
"YY2","TCTTTC20NTTG","Y","3","ERR1537702"
"YY2","TCTTTC20NTTG","Y","4","ERR1537703"
"ZBED1","TAATAG20NCG","W","1","ERR1537704"
"ZBED1","TAATAG20NCG","W","2","ERR1537705"
"ZBED1","TAATAG20NCG","W","3","ERR1537706"
"ZBED1","TAATAG20NCG","W","4","ERR1537707"
"ZBTB49","TCTAAT20NGA","AC","1","ERR1537708"
"ZBTB49","TCTAAT20NGA","AC","2","ERR1537709"
"ZBTB49","TCTAAT20NGA","AC","3","ERR1537710"
"ZBTB49","TCTAAT20NGA","AC","4","ERR1537711"
"ZBTB7A","TGAATA20NGA","W","1","ERR1537712"
"ZBTB7A","TGAATA20NGA","W","2","ERR1537713"
"ZBTB7A","TGAATA20NGA","W","3","ERR1537714"
"ZBTB7A","TGAATA20NGA","W","4","ERR1537715"
"ZBTB7B","TAGCCT20NCG","AC","1","ERR1537716"
"ZBTB7B","TAGCCT20NCG","AC","2","ERR1537717"
"ZBTB7B","TAGCCT20NCG","AC","3","ERR1537718"
"ZBTB7B","TAGCCT20NCG","AC","4","ERR1537719"
"ZBTB7C","TCGCCA40NCCT","AI","1","ERR1537720"
"ZBTB7C","TCGCCA40NCCT","AI","2","ERR1537721"
"ZBTB7C","TCGCCA40NCCT","AI","3","ERR1537722"
"ZBTB7C","TCGCCA40NCCT","AI","4","ERR1537723"
"Zfp652","TACGAG20NCG","Z","1","ERR1538165"
"Zfp652","TACGAG20NCG","Z","2","ERR1538166"
"Zfp652","TACGAG20NCG","Z","3","ERR1538167"
"Zfp652","TACGAG20NCG","Z","4","ERR1538168"
"Zfp740","TCAACC20NCG","Z","1","ERR1538169"
"Zfp740","TCAACC20NCG","Z","2","ERR1538170"
"Zfp740","TCAACC20NCG","Z","3","ERR1538171"
"Zfp740","TCAACC20NCG","Z","4","ERR1538172"
"ZIC1","TCGACT20NCAT","AF","1","ERR1538173"
"ZIC1","TCGACT20NCAT","AF","2","ERR1538174"
"ZIC1","TCGACT20NCAT","AF","3","ERR1538175"
"ZIC1","TCGACT20NCAT","AF","4","ERR1538176"
"ZIC3","TCACGT20NGCA","AE","1","ERR1538177"
"ZIC3","TCACGT20NGCA","AE","2","ERR1538178"
"ZIC3","TCACGT20NGCA","AE","3","ERR1538179"
"ZIC3","TCACGT20NGCA","AE","4","ERR1538180"
"Zic3","TCAAAA20NAAA","AF","1","ERR1538181"
"Zic3","TCAAAA20NAAA","AF","2","ERR1538182"
"Zic3","TCAAAA20NAAA","AF","3","ERR1538183"
"Zic3","TCAAAA20NAAA","AF","4","ERR1538184"
"ZIC4","TGAGGC20NGA","AC","1","ERR1538185"
"ZIC4","TGAGGC20NGA","AC","2","ERR1538186"
"ZIC4","TGAGGC20NGA","AC","3","ERR1538187"
"ZIC4","TGAGGC20NGA","AC","4","ERR1538188"
"ZNF143","TGCAAG20NCG","V","1","ERR1538189"
"ZNF143","TGCAAG20NCG","V","2","ERR1538190"
"ZNF143","TGCAAG20NCG","V","3","ERR1538191"
"ZNF143","TGCAAG20NCG","V","4","ERR1538192"
"ZNF232","TATCAT20NACG","W","1","ERR1538193"
"ZNF232","TATCAT20NACG","W","2","ERR1538194"
"ZNF232","TATCAT20NACG","W","4","ERR1538195"
"ZNF238","TGGTGA20NGA","AC","1","ERR1538196"
"ZNF238","TGGTGA20NGA","AC","2","ERR1538197"
"ZNF238","TGGTGA20NGA","AC","3","ERR1538198"
"ZNF238","TGGTGA20NGA","AC","4","ERR1538199"
"ZNF238","TAGTAA20NATT","W","1","ERR1538200"
"ZNF238","TAGTAA20NATT","W","2","ERR1538201"
"ZNF238","TAGTAA20NATT","W","3","ERR1538202"
"ZNF238","TAGTAA20NATT","W","4","ERR1538203"
"ZNF282","TGCCTG20NGA","AC","1","ERR1538204"
"ZNF282","TGCCTG20NGA","AC","2","ERR1538205"
"ZNF282","TGCCTG20NGA","AC","3","ERR1538206"
"ZNF282","TGCCTG20NGA","AC","4","ERR1538207"
"ZNF306","TAGGGC20NGGT","AD","1","ERR1538208"
"ZNF306","TAGGGC20NGGT","AD","2","ERR1538209"
"ZNF306","TAGGGC20NGGT","AD","3","ERR1538210"
"ZNF306","TAGGGC20NGGT","AD","4","ERR1538211"
"ZNF410","TGCACT20NGA","AC","1","ERR1538212"
"ZNF410","TGCACT20NGA","AC","2","ERR1538213"
"ZNF410","TGCACT20NGA","AC","3","ERR1538214"
"ZNF410","TGCACT20NGA","AC","4","ERR1538215"
"ZNF435","TATTTA20NTTG","W","1","ERR1538216"
"ZNF435","TATTTA20NTTG","W","2","ERR1538217"
"ZNF435","TATTTA20NTTG","W","3","ERR1538218"
"ZNF435","TATTTA20NTTG","W","4","ERR1538219"
"ZNF524","TCTATG40NTAG","AI","1","ERR1538220"
"ZNF524","TCTATG40NTAG","AI","2","ERR1538221"
"ZNF524","TCTATG40NTAG","AI","3","ERR1538222"
"ZNF524","TCTATG40NTAG","AI","4","ERR1538223"
"ZNF713","TAGGAT20NAGT","AD","1","ERR1538224"
"ZNF713","TAGGAT20NAGT","AD","2","ERR1538225"
"ZNF713","TAGGAT20NAGT","AD","3","ERR1538226"
"ZNF713","TAGGAT20NAGT","AD","4","ERR1538227"
"ZNF740","TGTGAG20NGA","AE","1","ERR1538228"
"ZNF740","TGTGAG20NGA","AE","2","ERR1538229"
"ZNF740","TGTGAG20NGA","AE","3","ERR1538230"
"ZNF740","TGTGAG20NGA","AE","4","ERR1538231"
"ZNF740","TGGTCT20NCTT","Y","1","ERR1538232"
"ZNF740","TGGTCT20NCTT","Y","2","ERR1538233"
"ZNF740","TGGTCT20NCTT","Y","4","ERR1538234"
"ZNF75A","CCATA14N","V","1","ERR1538235"
"ZNF75A","CCATA14N","V","2","ERR1538236"
"ZNF75A","CCATA14N","V","3","ERR1538237"
"ZNF75A","CCATA14N","V","4","ERR1538238"
"ZNF784","TGCGGG20NGA","AE","1","ERR1538239"
"ZNF784","TGCGGG20NGA","AE","2","ERR1538240"
"ZNF784","TGCGGG20NGA","AE","3","ERR1538241"
"ZNF784","TGCGGG20NGA","AE","4","ERR1538242"
"ZSCAN4","TCTTTC20NTTG","W","1","ERR1538243"
"ZSCAN4","TCTTTC20NTTG","W","3","ERR1538244"
"ZSCAN4","TCTTTC20NTTG","W","4","ERR1538245"
