tf,primer,family,subfamily,cycles,ronshamir,mwords
Tcfap2a,TGATCC20NCG,AP2,,1;2;3;4,No,
TFAP2A,TTGCAC20NTA,AP2,,1;2;3;4,No,
TFAP2B,TCGTTA20NTTT,AP2,,1;2;3;4,No,
TFAP2C,TCTACA20NCAG,AP2,,1;2;3;4,No,
TFAP2C,TGTCGT20NGCG,AP2,,1;2;3;4,No,
ARNTL,TCAAAA20NCG,bHLH,,1;2;3;4,No,
Ascl2,TAGGGC20NCG,bHLH,,1;2;3;4,No,
Atoh1,TAGTCC20NCTT,bHLH,,1;2;3;4,No,
BHLHA15,TCCGTG20NCG,bHLH,,1;2;3;4,No,
Bhlhb2,TAATTC20NCG,bHLH,,1;2;3;4,No,
BHLHB2,TGGGAC20NGA,bHLH,,1;2;4,Yes,CACGTG
Bhlhb2,TCAAGG20NGAA,bHLH,,1;2;3;4,Yes,CACGTG
BHLHB3,TCAAAA20NCG,bHLH,,1;2;3;4,No,
BHLHE22,TCTTGA20NGTG,bHLH,,1;2;3;4,No,
BHLHE23,TATATC20NCG,bHLH,,1;2;3;4,No,
BHLHE41,TGTGCT20NCGG,bHLH,,1;2;3;4,Yes,CACGTG
CLOCK,TGAGAT20NAGA,bHLH,,1;2;3;4,No,
FIGLA,AGATA14N,bHLH,,1;2;4,No,
HES5,TCCACG20NCG,bHLH,,2;3;4,No,
HES7,AATTC14N,bHLH,,1;2;3;4,No,
HEY1,TGAAAC20NGA,bHLH,,1;2;3;4,No,
HEY2,TCGATC20NGA,bHLH,,1;2;3;4,No,
HEY2,TCTCAA20NGA,bHLH,,1;2;3;4,No,
ID4,CTACA14N,bHLH,,1;2;3;4,No,
MAX,TGACCT20NGA,bHLH,,1;2;3;4,Yes,CACGTG
MESP1,TACCCG20NCG,bHLH,,1;2;3;4,No,
MLX,CATAT14N,bHLH,,1;2;3;4,No,
Mlx,CCTGG14N,bHLH,,1;2;3;4,No,
MLXIPL,TGTAAA20NAAG,bHLH,,1;2;3;4,No,
MNT,TCTTCT20NGA,bHLH,,1;2;3;4,No,
MSC,TAGTCC20NCTT,bHLH,,1;2;3;4,No,
MYF6,TGACTC20NTCA,bHLH,,1;2;3;4,No,
NEUROD2,TGACCT20NGA,bHLH,,1;2;3;4,No,
NEUROG2,TCGCTG20NTCT,bHLH,,1;2;3;4,No,
NEUROG2,TGGCGG20NGA,bHLH,,1;2;3;4,No,
NHLH1,TGGGCG20NGA,bHLH,,1;2;3;4,No,
NHLH1,TGATGG20NGTA,bHLH,,1;2;3;4,Yes,CAGCTG
OLIG1,TGCCTG20NTCC,bHLH,,1;2;3;4,No,
OLIG2,TCTTTC20NGA,bHLH,,1;2;3;4,No,
OLIG2,TGCGCC20NGA,bHLH,,1;2;3;4,No,
OLIG3,TGTCCG20NGA,bHLH,,1;2;3;4,No,
Srebf1,TACATT20NCG,bHLH,,1;2;3;4,No,
SREBF2,TGAGAT20NGA,bHLH,,1;2;3;4,No,
Tcf21,TCCGTG20NTGC,bHLH,,1;2;3;4,No,
TCF3,TACCCG20NCCC,bHLH,,1;2;3;4,Yes,CACCTG
TCF4,TTGCCG20NCCT,bHLH,,1;2;3;4,No,
TCF4,TGCGAA20NGA,bHLH,,1;2;3;4,Yes,CACCTG
TFAP4,CATTG14N,bHLH,,1;2;3;4,No,
TFAP4,TCACGT20NGCA,bHLH,,1;2;3;4,Yes,CAGCTG
TFE3,TACCGT20NTA,bHLH,,1;2;3;4,Yes,CACGTG
TFEB,TAGTTT20NCG,bHLH,,2;3;4,Yes,CACGTG
TFEC,TAGTGG20NGTT,bHLH,,1;2;3;4,No,
USF1,TGACGA20NGCA,bHLH,,1;2;3;4,Yes,CACGTG
Atf4,TGCCGC20NGA,bZIP,,1;2;3;4,No,
ATF4,TGGAAT20NGA,bZIP,,1;2;3;4,Yes,TGAYGC
ATF7,TGGGCG30NCGT,bZIP,,1;2;3;4,No,
BATF3,TAAGAC20NAGA,bZIP,,1;2;3;4,No,
CEBPB,TCAACC20NCAA,bZIP,,1;2;3;4,Yes,TTRCGC
CEBPB,TGGACA20NGA,bZIP,,1;2;3;4,Yes,TTRCGC
Cebpb,TCCTAA20NATC,bZIP,,1;2;3;4,Yes,TTRCGC
CEBPD,TAATGA20NCG,bZIP,,1;2;3;4,Yes,TTRCGC
CEBPE,TGAGGC20NGA,bZIP,,1;2;3;4,Yes,TTRCGC
CEBPG,TAAAAT20NCG,bZIP,,1;2;3;4,No,
CEBPG,TAGACG20NTA,bZIP,,1;2;3;4,Yes,TTRCGC
CREB3,TAGAAC20NCG,bZIP,,1;2;3;4,Yes,TGACGT
CREB3L1,TAAACA20NCAA,bZIP,,1;2;3;4,No,
CREB3L1,TAGAGT20NCG,bZIP,,1;2;3;4,No,
Creb3l2,TAACGG20NGCA,bZIP,,1;2;3;4,No,
Creb5,TATCGC20NCG,bZIP,,1;2;3;4,No,
DBP,TAACTT20NCG,bZIP,,1;2;3;4,Yes,TACGTA
DBP,TGCGGG20NGGC,bZIP,,1;2;3;4,Yes,TACGTA
Dbp,TAAATG20NCG,bZIP,,1;2;3;4,Yes,TACGTA
HLF,TAGCCT20NCG,bZIP,,1;2;3;4,No,
Hlf,TCAATT20NTA,bZIP,,1;2;3;4;5,No,
JDP2,TCCTTT20NTTC,bZIP,,1;2;3;4,No,
Jdp2,TATCTG20NCG,bZIP,,1;2;3;4,No,
JDP2,TGTTCA20NGA,bZIP,,1;2;3;4,Yes,TGASTC
Mafb,TCGTTA20NTTT,bZIP,,1;2;3;4,Yes,TGCTGA;YGCTGA
MAFF,TGGAAT20NAAT,bZIP,,1;2;3;4,No,
MAFG,TGTAAA40NAAG,bZIP,,1;2;3;4,Yes,TGCTGA
MAFK,TTAAAG20NTA,bZIP,,1;2;3;4,No,
MAFK,TGCCTG30NTCC,bZIP,,1;2;3;4,Yes,TGCTGA
NFE2,TGTAGG20NGA,bZIP,,1;2;3;4,No,
NFIL3,TAGACG20NCG,bZIP,,1;2;3;4,Yes,TACRTA
TEF,AGGTG14N,bZIP,,3;4,No,
TEF,TATAAG20NTA,bZIP,,1;2;3;4,No,
XBP1,TGTTCA20NGA,bZIP,,1;2;3;4,Yes,TGACGT
CENPB,TGCTGT20NGTC,CENPB,,1;2;3;4,Yes,TTCGYNNNANGCGGG
GRHL1,TCCAAC20NTA,CP2,,1;2;3;4,No,
GRHL1,TGGACA20NCAT,CP2,,1;2;3;4,Yes,AACCGGTT
TFCP2,TAGATA20NCG,CP2,,1;2;3;4,No,
CPEB1,TAACCC20NCG,CPEB,,1;2;3;4,Yes,ATAAAA
E2F1,CAATT14N,E2F,,3;4,No,
E2F2,TACTCA20NCG,E2F,,1;2;3;4,No,
E2F3,TTACAT20NACA,E2F,,1;2;3;4,No,
E2F4,AGCAG14N,E2F,,1;2;3;4,No,
E2F7,TCACAC20NACA,E2F,,1;2;3;4,No,
E2F8,GGCTT14N,E2F,,1;2;3;4,No,
EBF1,TATAAG20NCG,EBF,,1;2;3;4,No,
ELF1,TATGGG20NCG,ETS,,1;2;3;4,No,
ELF3,TCCGTG20NTGC,ETS,,1;2;3;4,Yes,GGAA
ELF5,TCTCGG20NGA,ETS,,1;2;3;4,Yes,GGAA
ELF5,TGCCGC20NCG,ETS,,1;2;3;4,Yes,GGAA
Elf5,TATTGT20NCG,ETS,,1;2;3;4,Yes,GGAA
ELK1,TCGGAA20NAGT,ETS,,1;2;3;4,Yes,GGAA
ELK1,TGAGTG20NTGA,ETS,,1;2;3;4,Yes,GGAA
Elk3,TGAGTG20NTGA,ETS,,1;2;3;4,No,
ELK3,TCGGGG20NGGT,ETS,,1;2;3;4,Yes,GGAA
ERF,TCAGAG20NCG,ETS,,1;2;3;4,No,
ERG,TCTACA20NCAG,ETS,,1;2;3;4,Yes,GGAA;GGAW
ERG,TGCAAG20NAAC,ETS,,1;2;3;4,Yes,GGAA;GGAW
ETS1,TGTAAA20NGA,ETS,,1;2;3;4,Yes,GGAW;GGAA
ETS1,TGTACC30NCAG,ETS,,1;2;3;4,Yes,GGAA;GGAW
ETV1,TCGTTA20NTTT,ETS,,1;2;3;4,Yes,GGAA
ETV3,TCAGGA20NCG,ETS,,1;2;3;4,No,
ETV4,TCTATG20NTAG,ETS,,1;2;3;4,Yes,GGAA
ETV5,TGCACT20NGA,ETS,,1;2;3;4,Yes,GGAW
ETV6,TGAGTG20NGA,ETS,,1;2;3;4,Yes,GGAA
FEV,TGATCC20NCTA,ETS,,1;2;3;4,Yes,GGAA
FLI1,TAGGAT20NAGT,ETS,,1;2;3;4,Yes,GGAA;GGAW
FLI1,TCTAAT20NCG,ETS,,1;2;3;4,Yes,GGAA;GGAW
GABPA,TGGCCC20NCCT,ETS,,1;2;3;4,No,
SPDEF,TCGCTG20NTCT,ETS,,1;2;3;4,No,
SPDEF,TCATTG20NCG,ETS,,1;2;3;4,Yes,GGAT;GNAA
SPI1,TCCCCT20NCG,ETS,,1;2;3;4,No,
SPIC,TAGGCA20NCG,ETS,,1;2;3;4,No,
Spic,TATAGA20NCG,ETS,,1;2;3;4,No,
FOXB1,TGAGCA30NCGA,forkhead,,1;2;3;4,No,
FOXB1,TCTGGT20NGGG,forkhead,,1;2;3;4,Yes,GTAAAYA
FOXC1,TGAGGC30NGGA,forkhead,,1;2;3;4,Yes,AYAAACA;RTMAAYA;RTMAATA;RTAAAYA
Foxc1,CCCCT14N,forkhead,,1;2;3;4,Yes,RTAAAYA
FOXC2,TGAGTG30NTGA,forkhead,,1;2;3;4,Yes,RTMAATA;RTAAAYA
FOXD2,TGCTCG20NCTC,forkhead,,1;2;3;4,Yes,RNWAAYR;RTAAAYA
FOXD3,TGGGGT20NGGT,forkhead,,1;2;3;4,No,
FOXG1,TGGTTC20NGA,forkhead,,1;2;3;4,Yes,ATAAACA
Foxg1,TATCTG20NTCG,forkhead,,1;2;3;4,Yes,RTAAACA;RTAAAYA
FOXI1,TCGGAA20NGA,forkhead,,1;2;3;4,Yes,GTAAACA
FOXJ2,TGACGA20NGA,forkhead,,1;2;3;4,Yes,RTAAACA
Foxj3,TAAACA20NCAA,forkhead,,1;2;3;4,No,
FOXJ3,TAGTGG20NGTT,forkhead,,1;2;3;4,Yes,RTAAACA
FOXK1,GACAG14N,forkhead,,1;2;3;4,No,
Foxk1,TGGGTA20NCG,forkhead,,1;2;3;4;5,No,
FOXL1,TGCTCG20NCTC,forkhead,,1;2;3;4,Yes,AYAAACA;RTAAAYA
FOXO1,TTCAGC20NTA,forkhead,,1;2;3;4,No,
FOXO3,TGTTGC20NGTG,forkhead,,1;2;3;4,No,
FOXO4,TGACTC20NGA,forkhead,,1;2;3;4,Yes,GTAAACA
FOXO6,TCGTGT30NGTT,forkhead,,1;2;3;4,No,
FOXP3,TCAATT20NTAA,forkhead,,1;2;3;4,Yes,RTAAACA
GATA3,TGTCGT20NGA,GATA,,1;2;3;4,No,
GATA3,TCATGC20NCG,GATA,,1;2;3;4,Yes,GATA
GATA4,TAAAAT20NAAA,GATA,,1;2;3;4,No,
GATA5,TAAATG20NTAA,GATA,,1;2;3;4,No,
GCM1,TCCAGT20NGAC,GCM,,1;2;3;4,Yes,ATGCGGGY
GCM1,TGAGCA20NCGA,GCM,,1;2;3;4,Yes,ATGCGGGT
GCM2,TGACTC20NTCA,GCM,,1;2;3;4,Yes,ATGCGGGT
LEF1,TCCCGA20NGCC,HMG,,1;2;3;4,No,
Sox1,TGTCTA20NTCG,HMG,,1;2;3;4,Yes,NNNNAT
SOX10,TGATTT20NTTA,HMG,,1;2;3;4,No,
Sox10,TGCTGT20NCG,HMG,,1;2;3;4;5,Yes,TGCAAT;ATCAAT
Sox11,TCTTCT20NGA,HMG,,1;2;3;4,No,
SOX14,TACCTA30NTCC,HMG,,1;2;3;4,Yes,NNCATT
SOX15,TGTTCA20NCTG,HMG,,1;2;3;4,No,
Sox17,TATTGT20NGTG,HMG,,1;2;3;4,No,
SOX18,TGTGTC20NTGG,HMG,,1;2;3;4,No,
SOX2,TAGTAA20NATT,HMG,,1;2;3;4,No,
SOX2,TCCCCT20NCCC,HMG,,1;2;3;4,No,
SOX2,TGAATA20NTAA,HMG,,1;2;3;4,No,
SOX21,TCAAAA40NAAA,HMG,,1;2;3;4,No,
Sox3,TGGGGT20NCG,HMG,,1;2;3;4,No,
SOX4,TATCGC30NGCG,HMG,,1;2;3;4,Yes,AACAAT
SOX7,TGAGGC20NGGA,HMG,,1;2;3;4,No,
SOX8,TCTTTC30NTTG,HMG,,1;2;3;4,Yes,ATGAAT;ATCAAT;AACAAT
SOX8,TGTCTA20NTCG,HMG,,1;2;3;4,Yes,AACAAT
SOX9,TGGGGT20NGGT,HMG,,1;2;3;4,No,
SRY,TACTGC30NGTC,HMG,,1;2;3;4,Yes,ANCATT
Tcf7,TATATC20NCG,HMG,,1;2;3;4,No,
TCF7L1,TGGACA20NCAT,HMG,,1;2;3;4,No,
CUX1,TAGCAG40NACT,homeodomain,CUT,1;2;3;4,Yes,ATCRAT
CUX2,TAGCCT40NCCT,homeodomain,CUT,1;2;3;4,No,
ONECUT1,TAGCTC20NTCT,homeodomain,CUT,1;2;3;4,Yes,ATCRAT
ONECUT1,TCGCAT20NGA,homeodomain,CUT,1;2;3;4,Yes,ATCRAT
ONECUT2,TGGGCG30NCGT,homeodomain,CUT,1;2;3;4,Yes,ATCRAT
ONECUT3,TAGAAC20NAAT,homeodomain,CUT,1;2;3;4,Yes,ATCRAT
MEIS2,TCGCTG20NGA,homeodomain,MEIS,1;2;3;4,No,
Meis2,TCAAAA20NTA,homeodomain,MEIS,1;2;3;4,Yes,TGACAG;TGACAN
Meis3,TGGACA20NGA,homeodomain,MEIS,1;2;3;4,No,
MEIS3,TGGGTA20NGA,homeodomain,MEIS,1;2;3;4,Yes,TGACAG
PKNOX1,TCGCAT20NGA,homeodomain,MEIS,1;2;3;4,No,
PKNOX2,TGTATT20NGA,homeodomain,MEIS,1;2;3;4,No,
Pknox2,TGCTCG20NCG,homeodomain,MEIS,1;2;3;4;5,Yes,TGACAG
TGIF1,TATGGG20NGGG,homeodomain,MEIS,1;2;3;4,No,
TGIF2,TGAACG30NCAA,homeodomain,MEIS,1;2;3;4,Yes,TGACAG
TGIF2LX,TGATAA20NATA,homeodomain,MEIS,1;2;3;4,No,
PAX1,TAACTT20NTCA,homeodomain,PAX,1;2;3;4,No,
PAX2,TCCACG20NCAC,homeodomain,PAX,1;2;3;4,Yes,CACGCW
PAX3,TTCTCT20NCTC,homeodomain,PAX,1;2;3;4,No,
PAX4,TATTTA20NTTG,homeodomain,PAX,1;2;3;4,No,
PAX4,TCGCAT20NACT,homeodomain,PAX,1;2;3;4,No,
PAX5,TACAGG20NGAC,homeodomain,PAX,1;2;3;4,Yes,CACGCW
PAX6,TCCATA20NTAC,homeodomain,PAX,1;2;3;4,No,
PAX7,TAGGGC20NGGT,homeodomain,PAX,1;2;3;4,No,
PAX7,TCCAAC20NAAC,homeodomain,PAX,1;2;3;4,Yes,TAATYR
PAX9,TCTAAT20NAAG,homeodomain,PAX,1;2;3;4,No,
POU1F1,TACACC40NCAC,homeodomain,POU,1;2;3;4,No,
POU2F1,TCTTTC20NGA,homeodomain,POU,1;2;3;4,Yes,TATK;WAAT
Pou2f2,TAGATA20NTAT,homeodomain,POU,1;2;3;4,No,
POU2F2,TGACAG20NGA,homeodomain,POU,1;2;3;4,Yes,TATK;WAAT
POU2F3,TAGACG20NCAT,homeodomain,POU,1;2;3;4,Yes,TATK
POU3F1,TAGCGA20NGCT,homeodomain,POU,1;2;3;4,Yes,TAAW;WAAT
POU3F2,TGTTCA40NCTG,homeodomain,POU,1;2;3;4,Yes,TAAW;WAAT
POU3F3,TCGCAT20NACT,homeodomain,POU,1;2;3;4,Yes,TAAW;WAAT
POU3F4,TACTGC20NGTC,homeodomain,POU,1;2;3;4,Yes,WAAT
POU4F1,TACAAA20NAAC,homeodomain,POU,1;2;3;4,Yes,TAAT
POU4F2,TGCGAA20NAGC,homeodomain,POU,1;2;3;4,No,
POU4F2,TACGAG20NAGC,homeodomain,POU,1;2;3;4,Yes,TAAT
POU4F3,TACCGT20NGCC,homeodomain,POU,1;2;3;4,Yes,TAAT
POU5F1P1,TAGAGT20NGAT,homeodomain,POU,1;2;3;4,No,
POU6F2,TATCAT20NCG,homeodomain,POU,1;2;3;4,No,
POU6F2,TGCTGT20NCG,homeodomain,POU,1;3;4,No,
PROX1,TGCAGA20NGA,homeodomain,PROX,1;2;3;4,Yes,AAGAC
Alx1,TAAAGC20NCG,homeodomain,,1;2;3;4,Yes,TAAT
ALX3,TGCAAG20NGA,homeodomain,,1;2;3;4,No,
ALX3,TGTAAA20NAAG,homeodomain,,1;2;3;4,Yes,TAAT
ALX4,TGTGTC20NGA,homeodomain,,1;2;3;4,Yes,TAAT
Alx4,TGGTAG20NCG,homeodomain,,1;2;3;4,Yes,TAAT
ARX,TGCGTT20NTGC,homeodomain,,1;2;3;4,Yes,TAAT
Arx,TCGCAT20NACT,homeodomain,,1;2;3;4,Yes,TAAT
Barhl1,TCAGTC20NCG,homeodomain,,1;2;3;4,Yes,TAAT;TAAA;TAAW
BARHL2,TATTGT20NGTG,homeodomain,,1;2;3;4,Yes,TAAW;TAAT;TAAA
BARHL2,TCCAGT40NGAC,homeodomain,,1;2;3;4,Yes,TAAW;TAAT
BARX1,TATTCG20NCTG,homeodomain,,1;2;3;4,Yes,TAAT
BSX,TATGAA20NCG,homeodomain,,1;2;3;4,Yes,TAAT
CART1,TGCGCC20NGA,homeodomain,,1;2;3;4,Yes,TAAT
CDX1,TCAACC20NCAA,homeodomain,,1;2;3;4,No,
CDX2,TACTTG20NCG,homeodomain,,1;2;3;4,No,
DLX1,TCTTGA20NGA,homeodomain,,1;2;3;4,Yes,TAAT
Dlx1,TGAGAT20NCG,homeodomain,,1;2;3;4,Yes,TAAT
DLX2,TTCATG20NTA,homeodomain,,1;2;3;4,Yes,TAAT
Dlx2,TCGCCA20NCCT,homeodomain,,1;2;3;4,Yes,TAAT
DLX3,TATGTT20NCG,homeodomain,,1;2;3;4,Yes,TAAT
DLX4,TCTTCT20NGA,homeodomain,,1;2;3;4,Yes,TAAT
DLX5,AGGGC14N,homeodomain,,1;2;3;4,No,
DLX6,TGCGGG20NGA,homeodomain,,1;2;3;4,Yes,TAAT
DMBX1,TAACCC20NCCA,homeodomain,,1;2;3;4,Yes,TAAT
DPRX,TCGAAG30NAAT,homeodomain,,1;2;3;4,Yes,TAAT
DRGX,TCCCTC20NCG,homeodomain,,2;3;4,Yes,TAAT
DUXA,TTCACA20NTA,homeodomain,,1;2;3;4,No,
EMX1,TCGCAT30NACT,homeodomain,,1;2;3;4,No,
EMX2,TGGTTC30NTTT,homeodomain,,1;2;3;4,Yes,TAAT
EN1,TGTAGG20NGA,homeodomain,,1;2;3;4,No,
EN1,TGACCT20NCCA,homeodomain,,1;2;3;4,Yes,TAAT
EN2,TGCCAT20NGA,homeodomain,,1;2;3;4,No,
En2,TCAGCT20NCG,homeodomain,,1;2;3;4,Yes,YAATTAN
ESX1,TCTCGG20NGA,homeodomain,,1;2;3;4,Yes,TAAT
ESX1,TCTTCT20NGA,homeodomain,,1;2;3;4,Yes,TAAT
EVX1,TGGGAC20NAGT,homeodomain,,1;2;3;4,Yes,TAAT
EVX2,TCAAGG20NGAA,homeodomain,,1;2;3;4,Yes,TAAT
GBX1,TAGTCC20NCG,homeodomain,,1;2;3;4,Yes,TAAT
Gbx1,TCGGTT20NCG,homeodomain,,1;2;3;4;5,Yes,TAAT
GBX2,TCCCGA20NGCC,homeodomain,,1;2;3;4,Yes,TAAT
GBX2,TGATTT20NGA,homeodomain,,1;2;3;4,Yes,TAAT
Gbx2,TACACC20NCAC,homeodomain,,1;2;3;4,Yes,TAAT
GSC,TGGGAC20NGA,homeodomain,,1;2;3;4,Yes,TAAT
GSC2,TTAGAA20NTA,homeodomain,,1;2;3;4,No,
GSX1,TCACAC20NCG,homeodomain,,1;2;3;4,No,
GSX2,TCCAAC20NCG,homeodomain,,1;2;3;4,Yes,TAAT
HESX1,TCTTCT20NCTG,homeodomain,,1;2;3;4,No,
HMBOX1,TCCTGG20NCG,homeodomain,,1;2;3;4,No,
HMX1,TCGCCA20NCCT,homeodomain,,1;2;3;4,No,
HMX2,TAGTGG20NCG,homeodomain,,1;2;3;4,Yes,TAAK
HMX3,TGCACT30NCAC,homeodomain,,1;2;3;4,No,
HNF1A,TGAGCA20NCGA,homeodomain,,1;2;3;4,No,
HNF1B,TCGACT20NCAT,homeodomain,,1;2;3;4,No,
HOMEZ,TCGATC20NTAT,homeodomain,,1;2;3;4,Yes,TCGTTTN
HOXA1,TGGAAT20NAAT,homeodomain,,1;2;3;4,No,
HOXA10,TAGGAT30NAGT,homeodomain,,1;2;3;4,Yes,YAATWAA
Hoxa11,TCCCCT20NCG,homeodomain,,1;2;3;4,No,
HOXA13,TGTGGA20NGGG,homeodomain,,1;2;3;4,No,
HOXA13,TTCTCT20NTA,homeodomain,,1;2;3;4,No,
HOXA2,TTATTA20NTA,homeodomain,,1;2;3;4,Yes,TAAT
Hoxa2,TACCGT20NCG,homeodomain,,1;2;3;4,Yes,TAAT
HOXB13,TGCCTG20NGA,homeodomain,,1;2;3;4,Yes,TCGTAAA
HOXB2,TAACAA20NACA,homeodomain,,1;2;3;4,Yes,TAAT
HOXB3,TACATT20NTAC,homeodomain,,1;2;3;4,Yes,TAAT
HOXB5,TCTTGA20NGTG,homeodomain,,1;2;3;4,No,
HOXC10,TGGACA20NGA,homeodomain,,1;2;3;4,Yes,GTWAAA;ATWAAA;TAATWAA
Hoxc10,TATAGA20NGAG,homeodomain,,1;2;3;4,Yes,YAATWAA;TWAC
HOXC11,TCACTA20NTCA,homeodomain,,1;2;3;4,No,
HOXC11,TGCGAA20NGA,homeodomain,,1;2;3;4,Yes,YAATWAA
HOXC12,TCATGC20NGTA,homeodomain,,1;2;3;4,Yes,TAAA
HOXC13,TCCCTC20NTCC,homeodomain,,1;2;3;4,No,
HOXD11,TCCGGC20NGGC,homeodomain,,1;2;3;4,No,
HOXD12,TCAGTC20NCG,homeodomain,,1;2;3;4,Yes,TAATAAA;TCGTAAA
HOXD13,GTGCT14N,homeodomain,,1;2;3;4,No,
Hoxd13,TGATAA20NATA,homeodomain,,1;2;3;4,Yes,TCRTAAA
Hoxd3,TGCCAT20NCG,homeodomain,,1;2;3;4,No,
HOXD8,TCATAT20NATA,homeodomain,,1;2;3;4,No,
Hoxd9,TCCTAA20NCG,homeodomain,,1;2;3;4,Yes,GTAAAN;ATWAAA
IRX2,TGCATC30NTAC,homeodomain,,1;2;3;4,No,
Irx3,TACTGC20NCG,homeodomain,,1;2;3;4,Yes,TCAT
IRX5,TAAGGT20NTA,homeodomain,,1;2;3;4,Yes,TYRT
ISL2,TCTAAT30NAAG,homeodomain,,1;2;3;4,No,
ISX,TATTTA20NCG,homeodomain,,1;2;3;4,Yes,TAAT
ISX,TGAGTG20NTGA,homeodomain,,1;2;3;4,Yes,TAAT
LBX2,TAATTC20NTTA,homeodomain,,1;2;3;4,Yes,TAAT
LHX2,TCCAGT30NGAC,homeodomain,,1;2;3;4,Yes,TAAT
Lhx4,TAAATG20NTAA,homeodomain,,1;2;3;4,Yes,TAAT
LHX6,TCGGGG20NGGT,homeodomain,,1;2;3;4,Yes,TAAT
Lhx8,TGCTCG40NCTC,homeodomain,,1;2;3;4,Yes,TAAT
LHX9,TATTGT20NGTG,homeodomain,,1;2;3;4,Yes,TAAT
LMX1A,TCTGGT20NGGG,homeodomain,,1;2;3;4,No,
LMX1B,TCGGAA20NAGT,homeodomain,,1;2;3;4,Yes,TAAT
LMX1B,TGAGGC20NGGA,homeodomain,,1;2;3;4,Yes,TAAT
MEOX1,TACCTA20NCG,homeodomain,,1;2;3;4,Yes,TAAT
MEOX2,TAGTTT30NTTT,homeodomain,,1;2;3;4,Yes,TAAT
Meox2,TACGTC20NTGC,homeodomain,,1;2;3;4,Yes,TAAT
MIXL1,TGATTT20NTTA,homeodomain,,1;2;3;4,Yes,TAAT
MNX1,TGGTGA20NGTT,homeodomain,,1;2;3;4,No,
MSX1,TGCTTA20NGA,homeodomain,,1;2;3;4,No,
MSX1,TGCGAA30NAGC,homeodomain,,1;2;3;4,Yes,TAAT
MSX2,TGCGGG20NGA,homeodomain,,1;2;3;4,No,
Msx3,TCGACT20NCAT,homeodomain,,1;2;3;4,No,
NKX2-3,TGCTAC20NGA,homeodomain,,1;2;3;4,No,
NKX2-3,TGGAAT20NGA,homeodomain,,1;2;3;4,Yes,ACTTRAN;TRAN
NKX2-8,TAGGCA20NCG,homeodomain,,1;2;3;4,No,
NKX2-8,TGTTGC20NGTG,homeodomain,,1;2;3;4,No,
NKX3-1,TCCCTC20NCG,homeodomain,,1;2;3;4,Yes,TAAG
Nkx3-1,TCTTAG20NATG,homeodomain,,1;2;3;4,Yes,TAAG
NKX3-2,TCCAGT20NGAC,homeodomain,,1;2;3;4,Yes,TAAG
NKX6-1,TGAAAC20NAAA,homeodomain,,1;2;3;4,No,
Nkx6-1,TCGTGT20NGTT,homeodomain,,1;2;3;4,No,
NKX6-1,TGCGGG30NGGC,homeodomain,,1;2;3;4,Yes,TAAT
NKX6-2,TGGCAA20NGA,homeodomain,,1;2;3;4,No,
NKX6-2,TTACAT20NTA,homeodomain,,1;2;3;4,Yes,TAAT
NOTO,TGCGTT30NTGC,homeodomain,,1;2;3;4,Yes,TAAT
Otx1,TCTTAG20NATG,homeodomain,,1;2;3;4,No,
OTX1,TGATAA20NGA,homeodomain,,1;2;3;4,Yes,TAAT
OTX2,TATGGG20NGGG,homeodomain,,1;2;3;4,Yes,TAAT
PDX1,TGGAAT30NAAT,homeodomain,,1;2;3;4,Yes,TAAT
PHOX2A,TGACTC20NGA,homeodomain,,1;2;3;4,Yes,TAAT
PHOX2B,TGCTGT20NGA,homeodomain,,1;2;3;4,Yes,TAAT
PHOX2B,TGGTCT20NGA,homeodomain,,1;2;3;4,Yes,TAAT
PITX1,TCATGC20NCG,homeodomain,,1;2;3;4,Yes,TAAT
PITX1,TCTCTT20NTCG,homeodomain,,1;2;3;4,Yes,TAAT
PITX1,TGAGCA20NCGA,homeodomain,,1;2;3;4,Yes,TAAT
PITX3,TGCATC20NGA,homeodomain,,1;2;3;4,Yes,TAAT
PROP1,TCCCGA30NGCC,homeodomain,,1;2;3;4,No,
PROP1,TGTATT20NGA,homeodomain,,1;2;3;4,Yes,TAAT
PRRX1,TAACGG20NGCA,homeodomain,,1;2;3;4,Yes,TAAT
PRRX1,TTCCCC20NTA,homeodomain,,1;2;3;4,Yes,TAAT
PRRX2,TGGGGT20NGA,homeodomain,,1;2;3;4,Yes,TAAT
Prrx2,TATGAA20NAGG,homeodomain,,1;2;3;4,Yes,TAAT
RAX,TGGTAG20NATT,homeodomain,,1;2;3;4,No,
RAXL1,TACTCA20NTA,homeodomain,,1;2;3;4,Yes,TAAT
Rhox11,TGGCCC20NCG,homeodomain,,1;2;3;4,Yes,TWAN
RHOXF1,TGGATG30NTAT,homeodomain,,1;2;3;4,No,
RHOXF1,TTAGAA20NTA,homeodomain,,1;2;3;4,Yes,TRAK;TNAK
SHOX,TAAGGT20NGGA,homeodomain,,1;2;3;4,Yes,TAAT
SHOX2,TACGTC20NTGC,homeodomain,,1;2;3;4,Yes,TAAT
Shox2,TCCCAG20NACC,homeodomain,,1;2;3;4,Yes,TAAT
UNCX,TGCAAG20NGA,homeodomain,,1;2;3;4,Yes,TAAT
Uncx,TGGAGC20NCG,homeodomain,,1;2;3;4,Yes,TAAT
VAX1,TGCCAT20NACC,homeodomain,,1;2;3;4,Yes,TAAT
VAX2,TGGTAG20NATT,homeodomain,,1;2;3;4,Yes,TAAT
VENTX,TGAAGT30NGAA,homeodomain,,1;2;3;4,No,
VSX1,TCGGGG20NGGT,homeodomain,,1;2;3;4,Yes,TAAT
VSX1,TGGTTC20NTTT,homeodomain,,1;2;3;4,Yes,TAAT
Vsx1,TGCAGA20NCG,homeodomain,,1;2;3;4,Yes,TAAT
VSX2,TCTCCC20NCCG,homeodomain,,1;2;3;4,Yes,TAAT
HSF1,TACCAC20NACC,HSF,,1;2;3;4,No,
HSF1,TATAGA20NGAG,HSF,,1;2;3;4,Yes,TTCTAGAA
HSF2,TGGGGT20NCG,HSF,,1;2;3;4,No,
HSF4,TATCAT20NACG,HSF,,1;2;3;4,No,
HSFY2,TCAGAG20NAGA,HSF,,1;2;3;4,No,
IRF3,TCCTAA40NATC,IRF,,1;2;3;4,No,
IRF4,TCAAGG20NCG,IRF,,1;2;3;4,No,
IRF5,TAACAA20NCG,IRF,,1;2;3;4,No,
IRF7,TATCGC20NGCG,IRF,,1;2;3;4,Yes,RAANCGAAAW;GAAANYGAAA
IRF8,TCCCCT20NCCC,IRF,,1;2;3;4,No,
IRF8,TGGCGG20NGCT,IRF,,1;2;3;4,No,
IRF9,TATGTT20NTGG,IRF,,1;2;3;4,No,
SMAD3,TGGGTA20NGA,MAD,,1;2;3;4,Yes,TAGACA
MEF2A,TAATAG20NTA,MADS,,1;2;3;4,No,
MEF2B,TCGTAC20NATT,MADS,,1;2;3;4,No,
MEF2D,TGCGTT20NGA,MADS,,1;2;3,No,
SRF,TGAACG20NGA,MADS,,1;2;3;4,No,
SRF,TGGAAT20NAAT,MADS,,1;3;4,No,
MYBL1,TTGCGT20NTA,MYB,,1;2;3;4,Yes,CNGTTN;CNGTTA
MYBL2,TGAGTG20NGA,MYB,,1;2;3;4,Yes,CCGTTN;CCGTTA
NFAT5,TGATAA20NGA,NFAT,,1;2;3;4,No,
NFATC1,TTCGTA20NTGC,NFAT,,1;2;3;4,Yes,GGAAAN;GGAAAA;TGGAAA
NFKB1,TCTCAA20NGA,NFAT,,1;2;3;4,No,
NFIA,TACGTC20NTGC,NFI,,1;2;3;4,Yes,TGCCAA
NFIB,TCATCA20NCG,NFI,,1;2;3;4,No,
NFIX,TCAACC20NCG,NFI,,1;2;3;4,Yes,TGCCAA
NFIX,TGAGAT20NAGA,NFI,,2;3;4,Yes,TGCCAA
NRF1,TAGCGA20NCG,NRF,,1;2;3;4,No,
AR,TCTTCT20NCTG,nuclearreceptor,,1;2;3;4,No,
AR,TGCTCG20NGA,nuclearreceptor,,1;2;3;4,Yes,ACANNNTGT
Ar,TCTAAT20NCG,nuclearreceptor,,1;2;3;4,Yes,ACANNNTGT
ESR1,TAGAGT20NCG,nuclearreceptor,,1;2;3;4,Yes,AGGTCA
ESRRA,TGACGA30NGCA,nuclearreceptor,,1;2;3;4,No,
Esrra,TAGCTC20NCG,nuclearreceptor,,1;2;3;4,Yes,AGGTCA
ESRRB,ATTAC14N,nuclearreceptor,,1;2;3;4,No,
ESRRG,TGACGA20NGCA,nuclearreceptor,,1;2;3;4,No,
Hnf4a,TCCACG20NCG,nuclearreceptor,,1;2;3;4,No,
HNF4A,TCCGTG40NTGC,nuclearreceptor,,1;2;3;4,Yes,AGGTCA;RGGTCA;AAGTCC
HNF4A,TGACAG20NGA,nuclearreceptor,,1;2;3;4,Yes,AAGTCC;RGGTCA
NR2C2,TCGACT20NCAT,nuclearreceptor,,1;2;3;4,Yes,AGGTCA
NR2E1,TAACAA20NACA,nuclearreceptor,,1;2;3;4,No,
Nr2e1,TCGCGC20NGCT,nuclearreceptor,,1;2;3;4,Yes,AAGTCA
NR2F1,TCTGAC20NGA,nuclearreceptor,,1;2;3;4,Yes,RGGTCA
NR2F1,TCTGAC30NAGG,nuclearreceptor,,1;2;3;4,Yes,NGGTCA
NR2F6,TGTGGA20NGA,nuclearreceptor,,1;2;3;4,No,
Nr2f6,TAGTTT20NCG,nuclearreceptor,,1;2;3;4,No,
NR2F6,TCTTGA20NGA,nuclearreceptor,,1;2;3;4,Yes,AGGTCA
NR3C1,TGACGA20NGCA,nuclearreceptor,,1;2;3;4,Yes,ACANNNTGT
NR3C2,TCAGAG20NAGA,nuclearreceptor,,1;2;3;4,Yes,ACANNNTGT
NR4A2,TCATTG20NTTA,nuclearreceptor,,1;2;3;4,No,
RARA,TAAAAT20NTA,nuclearreceptor,,1;2;3;4,No,
RARA,TATAGA20NCG,nuclearreceptor,,1;2;3;4,Yes,AGGTCA;RGGTCA
Rara,TCGGTT20NCG,nuclearreceptor,,1;2;3;4,Yes,AGGTCA;RGGTCA
RARB,TAGTTT20NTTT,nuclearreceptor,,1;2;3;4,No,
Rarb,TCGTGT20NCG,nuclearreceptor,,1;2;3;4,Yes,AGGTCA;RGGTCA
RARG,TGTTAT20NGA,nuclearreceptor,,1;2;3,No,
Rarg,TATCTG20NTCG,nuclearreceptor,,1;2;3;4,No,
RARG,TCGGGG20NGA,nuclearreceptor,,1;2;3;4,Yes,AGGTCA;RGGTCA
RORA,TCTGTA30NTGG,nuclearreceptor,,1;2;3;4,Yes,AGGTCA
Rxra,AAGAC14N,nuclearreceptor,,1;2;3;4,No,
RXRA,TCACGT30NGCA,nuclearreceptor,,1;2;3;4,Yes,AGGTCA;RGGTCA
RXRA,TCTACA40NCAG,nuclearreceptor,,1;2;3;4,Yes,AGGTCA;RGGTCA
RXRB,TGAGCA20NGA,nuclearreceptor,,1;2;3;4,No,
Rxrb,CAATT14N,nuclearreceptor,,1;2;3;4,No,
RXRG,TGGAAT20NGA,nuclearreceptor,,2;3;4,Yes,RGGTCA
RXRG,TTCTCT20NTA,nuclearreceptor,,1;2;3;4,Yes,AGGTCA;RGGTCA
THRA,TCGGCC40NCGT,nuclearreceptor,,1;2;3;4,Yes,AGGTCA
THRB,TGGCAA30NACT,nuclearreceptor,,1;2;3;4,No,
Vdr,TCCGCA20NCG,nuclearreceptor,,1;2;3;4,No,
VDR,TATTGT20NCG,nuclearreceptor,,1;2;3;4,Yes,RGTTCA
RFX2,TAACCC20NCCA,RFX,,1;2;3;4,No,
Rfx2,TGGTAG20NATT,RFX,,1;2;3;4,No,
RFX3,TGGCTT20NGA,RFX,,1;2;3;4,No,
Rfx3,TGGGTA20NCG,RFX,,1;2;3;4;5,No,
RFX5,TGGAGC30NGAT,RFX,,1;2;3;4,No,
RUNX2,TACCTA40NTCC,RUNX,,1;2;3;4,No,
RUNX3,TACGGA30NGGC,RUNX,,1;2;3;4,Yes,AACCRC
RUNX3,TCTCCC20NGA,RUNX,,1;2;3;4,Yes,AACCRC
GMEB2,TCGCGC20NGA,SAND,,1;2;3;4,Yes,ACGT
EOMES,TGTAAA30NAAG,TBX,,1;2;3;4,No,
MGA,TAGGGC20NGGT,TBX,,1;2;3;4,Yes,AGGTGTKA;AGGTGTGA;ANNNNTCA
T,TGGGCG20NCGT,TBX,,1;2;3;4,No,
TBR1,TCACAC20NACA,TBX,,1;2;3;4,No,
TBR1,TTGCAC20NACT,TBX,,1;2;3;4,No,
TBX1,TACGGA40NGGC,TBX,,1;2;3;4,No,
TBX15,TACGTC40NTGC,TBX,,1;2;3;4,Yes,AGGTGTGA
TBX19,TACTAT40NATC,TBX,,1;2;3;4,Yes,ANGTGYGA
TBX2,TCTATG20NTAG,TBX,,1;2;3;4,Yes,AGGTGTGA;ANWWNTNA
TBX20,TCTTCT20NCTG,TBX,,1;2;3;4,No,
TBX20,TACTCA40NCTC,TBX,,1;2;3;4,Yes,AGGTGTGA
TBX21,TGGTCT20NCTT,TBX,,1;2;3;4,No,
TBX21,TACTGC40NGTC,TBX,,1;2;3;4,Yes,AGGTGTNA;AGGTGTGA
TBX4,TACTTG40NTTC,TBX,,1;2;3;4,Yes,AGGTGTNA
TBX5,TAGAAC40NAAT,TBX,,1;2;3;4,No,
TEAD1,TCTTAG20NATG,TEA,,1;2;3;4,No,
TEAD3,TATAAG40NAAG,TEA,,1;2;3;4,Yes,MATWCC;CATTCC
TEAD4,TGATTT20NTTA,TEA,,1;2;3;4,No,
ZBED1,TAATAG20NCG,znfBED,,1;2;3;4,No,
BCL6B,TGCGGG20NGA,znfC2H2,,1;2;3;4,Yes,TTTCTAGGAA
EGR1,TACTAT20NATC,znfC2H2,,1;2;3;4,No,
EGR1,TCTCTT20NGA,znfC2H2,,1;2;3;4,Yes,GCGKGGGCGK
Egr1,TGCGCC20NCG,znfC2H2,,1;2;3;4,Yes,GAGKGGGCGK
EGR2,TCGGCC20NGA,znfC2H2,,1;2;3;4,No,
EGR2,TCATCA20NCTA,znfC2H2,,1;2;3;4,Yes,GCGTGGGCGK
EGR3,TTAAGA20NGAA,znfC2H2,,1;2;3;4,No,
Egr3,TCATGC20NGTA,znfC2H2,,1;2;3;4,No,
EGR4,TGCGCC20NCGC,znfC2H2,,2;3,No,
EGR4,TAGCGA40NGCT,znfC2H2,,1;2;3;4,Yes,GCGTGGGCGK
GLI2,TAAGTA40NTGA,znfC2H2,,1;2;3;4,Yes,GACCACNCT
GLIS2,TACTAT20NATC,znfC2H2,,1;2;3;4,No,
Hic1,TCATCA20NCTA,znfC2H2,,1;2;3;4,Yes,RTGCCM
HIC2,TGAGCA20NGA,znfC2H2,,1;2;3;4,No,
HINFP1,TCAAGG20NGAA,znfC2H2,,1;2;3;4,Yes,SNNSGTCCGC;NNNSGTCCGC
Klf12,TGATGG20NGA,znfC2H2,,1;2;3;4,No,
KLF13,TGGACA20NGA,znfC2H2,,1;2;3;4,No,
KLF14,TTGGGA20NTA,znfC2H2,,1;2;3;4,Yes,CCACGCCC
KLF16,TTGATT20NTA,znfC2H2,,1;2;3;4,Yes,CCMCGCCC
MTF1,TGATCC20NCTA,znfC2H2,,1;2;3;4,No,
PRDM1,TTGAGG20NGAT,znfC2H2,,1;2;3;4,No,
PRDM4,TAGCAG20NCG,znfC2H2,,1;2;3;4,No,
SCRT1,TCTTAG20NATG,znfC2H2,,1;2;3;4,No,
SCRT2,TGGGCG20NCGT,znfC2H2,,1;2;4,No,
SP4,TTATGT20NGTA,znfC2H2,,1;2;3;4,No,
SP8,TGCTCG20NCTC,znfC2H2,,1;2;3;4,No,
YY1,TCCGGC20NCG,znfC2H2,,1;2;3;4,Yes,CCGCCATT
YY2,TCTTTC20NTTG,znfC2H2,,1;2;3;4,No,
YY2,TGAGCA20NGA,znfC2H2,,1;2;3;4,Yes,CCGCCATN
ZBTB49,TCTAAT20NGA,znfC2H2,,1;2;3;4,Yes,TGACNNGC
ZBTB7A,TGAATA20NGA,znfC2H2,,1;2;3;4,Yes,CGACCACC
ZBTB7B,TAGCCT20NCG,znfC2H2,,1;2;3;4,Yes,CGACCACC
ZBTB7C,TCGCCA40NCCT,znfC2H2,,1;2;3;4,No,
Zfp652,TACGAG20NCG,znfC2H2,,1;2;3;4,No,
Zfp740,TCAACC20NCG,znfC2H2,,1;2;3;4,Yes,NCCCCCCCAC
ZIC1,TCGACT20NCAT,znfC2H2,,1;2;3;4,Yes,GACCMCCYRMTG
ZIC3,TCACGT20NGCA,znfC2H2,,1;2;3;4,No,
Zic3,TCAAAA20NAAA,znfC2H2,,1;2;3;4,No,
ZIC4,TGAGGC20NGA,znfC2H2,,1;2;3;4,Yes,GACCCCCYGYTG
ZNF143,TGCAAG20NCG,znfC2H2,,1;2;3;4,No,
ZNF232,TATCAT20NACG,znfC2H2,,1;2;4,No,
ZNF238,TGGTGA20NGA,znfC2H2,,1;2;3;4,No,
ZNF238,TAGTAA20NATT,znfC2H2,,1;2;3;4,Yes,TCCAGATGTK
ZNF282,TGCCTG20NGA,znfC2H2,,1;2;3;4,No,
ZNF306,TAGGGC20NGGT,znfC2H2,,1;2;3;4,No,
ZNF410,TGCACT20NGA,znfC2H2,,1;2;3;4,No,
ZNF435,TATTTA20NTTG,znfC2H2,,1;2;3;4,No,
ZNF524,TCTATG40NTAG,znfC2H2,,1;2;3;4,No,
ZNF713,TAGGAT20NAGT,znfC2H2,,1;2;3;4,No,
ZNF740,TGGTCT20NCTT,znfC2H2,,1;2;4,No,
ZNF740,TGTGAG20NGA,znfC2H2,,1;2;3;4,Yes,CCCCCCCAC
ZNF75A,CCATA14N,znfC2H2,,1;2;3;4,No,
ZNF784,TGCGGG20NGA,znfC2H2,,1;2;3;4,Yes,GTACCTACCT
ZSCAN4,TCTTTC20NTTG,znfC2H2,,1;3;4,No,
